Timestamp,Temperature (C),Humidity (%),Pressure (hPa)
2024-10-01 11:28:51.677797,26.58211665169635,50.44698555287381,1011.786447187947
2024-10-01 11:28:52.677797,25.60185046155812,45.36108306740749,1014.1410134787436
2024-10-01 11:28:53.677797,24.993852242063102,54.67939188330987,1014.5889499858016
2024-10-01 11:28:54.677797,25.165449272311903,50.1014349438106,1020.7613095931453
2024-10-01 11:28:55.677797,26.248538031521317,50.306631353169,1001.6108771131654
2024-10-01 11:28:56.677797,24.696018182859703,55.38840284241937,1024.7564937509048
2024-10-01 11:28:57.677797,25.73344843943585,58.33771881133085,991.980484969054
2024-10-01 11:28:58.677797,23.611566433838963,51.32897030300612,1029.453856671292
2024-10-01 11:28:59.677797,28.21966635019381,44.79609235472036,1009.1017491868832
2024-10-01 11:29:00.677797,26.49545626416674,48.343787270446335,1006.5022219990474
2024-10-01 11:29:01.677797,17.261761267972126,49.499114545257605,1025.7626107051674
2024-10-01 11:29:02.677797,24.824179151389405,51.47265819700765,1003.9976045596096
2024-10-01 11:29:03.677797,25.973218381923108,46.688400119785534,1006.056522195272
2024-10-01 11:29:04.677797,26.509433100123218,43.79182374223483,1023.9952944301982
2024-10-01 11:29:05.677797,26.409810370694892,53.25486514317035,1020.7214510377056
2024-10-01 11:29:06.677797,22.02237652811379,45.79020491105537,1003.1165935237116
2024-10-01 11:29:07.677797,24.623213918034697,45.92348641066234,1016.5223147409696
2024-10-01 11:29:08.677797,25.873337177149097,43.200033976828486,1007.5119572842408
2024-10-01 11:29:09.677797,24.74485923852868,48.21715760336891,1011.4052877270752
2024-10-01 11:29:10.677797,25.545817941965204,48.66990015985825,1021.489456042244
2024-10-01 11:29:11.677797,28.75552972772257,56.44100620667074,1006.5792684585977
2024-10-01 11:29:12.677797,28.14096396701944,58.35378579561529,1000.7108786206448
2024-10-01 11:29:13.677797,25.22723314502083,56.60659575958638,1001.975307616526
2024-10-01 11:29:14.677797,26.707861536638735,56.36969348718826,1001.9454863218036
2024-10-01 11:29:15.677797,22.72730179526662,46.75512836051231,1007.355581906589
2024-10-01 11:29:16.677797,24.695121064700984,54.62760429494849,1018.2804064532965
2024-10-01 11:29:17.677797,26.940144403894088,51.32123772607349,1020.7506872921184
2024-10-01 11:29:18.677797,24.99120298034616,48.01272524887627,1023.49275221734
2024-10-01 11:29:19.677797,25.6691936964839,50.5111186270594,1025.720510090296
2024-10-01 11:29:20.677797,26.5758219232441,51.08832131748563,1023.271158454472
2024-10-01 11:29:21.677797,24.673964643120797,52.92102633815157,1007.0161723142136
2024-10-01 11:29:22.677797,23.451174037077468,53.07770356566917,1015.9912417175918
2024-10-01 11:29:23.677797,26.75749645541549,47.71331365214472,1015.7128789564948
2024-10-01 11:29:24.677797,28.88443178821118,43.69858113888607,1011.5298381414648
2024-10-01 11:29:25.677797,25.383852178376,45.98165814460354,1017.8425409328072
2024-10-01 11:29:26.677797,26.94113841443832,55.47449778183665,1016.4979816251704
2024-10-01 11:29:27.677797,23.390867588903383,49.31411779376702,1013.3612673026084
2024-10-01 11:29:28.677797,25.71422620039165,46.4431017282371,1006.9290139149576
2024-10-01 11:29:29.677797,25.919582800815903,58.15244647012817,1009.501367300131
2024-10-01 11:29:30.677797,25.88342363580138,45.21894134583257,998.8232901701962
2024-10-01 11:29:31.677797,28.64690079594853,51.26383887678084,1026.3792166440949
2024-10-01 11:29:32.677797,27.44038153468259,51.798482545899645,1021.632857916802
2024-10-01 11:29:33.677797,25.055896533581127,47.887870404925,1014.0904844587784
2024-10-01 11:29:34.677797,22.53063913985344,54.71161201482603,1009.9702616957976
2024-10-01 11:29:35.677797,25.83956601588436,53.64236098987775,1020.1441534622792
2024-10-01 11:29:36.677797,26.927711026363795,41.90315363010896,1017.3550789471382
2024-10-01 11:29:37.677797,21.137865934482058,52.75418848520695,1013.648626343401
2024-10-01 11:29:38.677797,23.95119065723232,56.94660086244005,1012.0178300741288
2024-10-01 11:29:39.677797,20.07481092223873,52.86698712221986,997.0544482055088
2024-10-01 11:29:40.677797,28.301315517079544,49.69839300593488,1017.4547235771996
2024-10-01 11:29:41.677797,27.353647528959502,56.19992580895752,1010.1699291778478
2024-10-01 11:29:42.677797,25.618732874493126,44.4153424552544,1004.7082783837895
2024-10-01 11:29:43.677797,27.039551382912,54.40446376704939,1023.3195496512716
2024-10-01 11:29:44.677797,22.84838541976285,45.331269535318455,1021.47321655802
2024-10-01 11:29:45.677797,21.93862588075269,54.99719164413699,1032.6593689488125
2024-10-01 11:29:46.677797,27.224693488829267,59.8739640023332,1029.6901275735677
2024-10-01 11:29:47.677797,26.67601944054,51.93481003217083,1006.325067992659
2024-10-01 11:29:48.677797,24.5916444920264,42.666340353732885,1027.3593624821754
2024-10-01 11:29:49.677797,23.35894475070677,55.16372855846684,1027.6437663355953
2024-10-01 11:29:50.677797,22.536790558662023,44.25852741927833,1010.550317428664
2024-10-01 11:29:51.677797,23.82077407402721,54.56094286066735,1015.7675408612196
2024-10-01 11:29:52.677797,24.650604238254594,50.52674170819807,1015.9700402022526
2024-10-01 11:29:53.677797,26.08841101758631,50.91303895370157,1011.6562225346624
2024-10-01 11:29:54.677797,21.409902154907844,51.078088219380085,1010.4896756796072
2024-10-01 11:29:55.677797,27.227637342254635,64.75850123144288,1015.277476721327
2024-10-01 11:29:56.677797,23.06672716020229,46.60383028688444,1005.112605443162
2024-10-01 11:29:57.677797,28.22817070329629,56.53557495911977,1012.3443120911342
2024-10-01 11:29:58.677797,26.547682312989146,49.59525581033304,1024.2621972007787
2024-10-01 11:29:59.677797,23.346924329776996,40.12012993905235,1001.497312178341
2024-10-01 11:30:00.677797,20.603349042626448,54.19296784464783,1025.758715603974
2024-10-01 11:30:01.677797,23.66921845946014,49.81232855002535,1019.0730753908588
2024-10-01 11:30:02.677797,26.231398905036663,45.80498707478743,1017.3371175131874
2024-10-01 11:30:03.677797,23.5734037029992,58.819499162104414,1012.4513601351312
2024-10-01 11:30:04.677797,25.798027858086247,46.224604255713686,1013.4286400282036
2024-10-01 11:30:05.677797,25.33341542678956,53.86548807027168,1001.8434110537326
2024-10-01 11:30:06.677797,22.023167764118003,45.84388827172748,998.28042792139
2024-10-01 11:30:07.677797,27.861658458623303,41.12244544539854,1004.709913688626
2024-10-01 11:30:08.677797,23.94894011257876,46.414808021050696,1009.0782342032865
2024-10-01 11:30:09.677797,22.984261505190503,49.59124578136009,1018.0642492737628
2024-10-01 11:30:10.677797,23.66258039697845,50.68513684162546,1019.9028360642288
2024-10-01 11:30:11.677797,27.416756088922224,50.27950641770501,1002.1174921922797
2024-10-01 11:30:12.677797,27.837979434888744,49.29927382876646,1003.2733272562726
2024-10-01 11:30:13.677797,22.24021549125259,63.661704523266174,1012.292526781146
2024-10-01 11:30:14.677797,24.54297946810748,54.13826951559681,1021.0607427342142
2024-10-01 11:30:15.677797,22.1389829864101,48.340877055211074,997.1414960752734
2024-10-01 11:30:16.677797,21.193058884736438,51.035895248316265,1012.3273723638916
2024-10-01 11:30:17.677797,26.229134372260987,49.20679048893335,1019.238808755963
2024-10-01 11:30:18.677797,28.510455084746127,56.92517407479921,1003.7892098234804
2024-10-01 11:30:19.677797,24.222357887179037,52.962904188732736,1009.1172687926826
2024-10-01 11:30:20.677797,25.037229760910066,53.61791009553546,1040.395652652116
2024-10-01 11:30:21.677797,22.22651159502616,58.51745203137946,1011.6477013351516
2024-10-01 11:30:22.677797,26.859321094265034,48.37495116120389,1017.8679974294288
2024-10-01 11:30:23.677797,26.914454702731707,53.639744503449805,1007.5140106603594
2024-10-01 11:30:24.677797,24.372062167139703,49.0720456202484,1008.3583023058156
2024-10-01 11:30:25.677797,20.591876604251304,57.311921821751895,1003.3298452863944
2024-10-01 11:30:26.677797,26.25714160172905,61.35288674512867,1001.9762089159294
2024-10-01 11:30:27.677797,25.028657234794924,42.72949770952851,1015.4522063777424
2024-10-01 11:30:28.677797,26.350394794965563,47.20526343054431,1008.994356622278
2024-10-01 11:30:29.677797,24.176109224743502,62.21694308965903,1013.6219717778704
2024-10-01 11:30:30.677797,26.21898465362015,49.75248321320542,1004.9569030763624
2024-10-01 11:30:31.677797,27.878316558635824,55.43916706896054,1012.0055377863451
2024-10-01 11:30:32.677797,25.42559620520914,56.63901812963527,999.8925010786028
2024-10-01 11:30:33.677797,26.84460212780116,50.039930369599226,1006.8613215320212
2024-10-01 11:30:34.677797,26.88969692930102,49.19067660684653,1013.9071720069776
2024-10-01 11:30:35.677797,23.536052392915398,55.17781231888505,1032.6240093656156
2024-10-01 11:30:36.677797,25.839601700617383,44.34695034446274,1012.3895803152974
2024-10-01 11:30:37.677797,25.07398324128722,46.58232449095269,1012.4782130682792
2024-10-01 11:30:38.677797,27.424872630114304,51.58932123029735,1017.467243790124
2024-10-01 11:30:39.677797,23.253827247903203,59.714818044931306,1013.049256323636
2024-10-01 11:30:40.677797,28.621290643200304,53.30463590557785,1013.7753077319918
2024-10-01 11:30:41.677797,21.78188948525065,38.009396970565845,1021.7290420075648
2024-10-01 11:30:42.677797,22.690668099464183,55.160262739229736,1014.3770762252132
2024-10-01 11:30:43.677797,22.11433828390641,53.252016215530695,1010.8608969365284
2024-10-01 11:30:44.677797,25.764498705545325,49.24391622824975,1013.3649381964796
2024-10-01 11:30:45.677797,27.80078830195684,48.69545395627867,997.762222765458
2024-10-01 11:30:46.677797,24.29068280377037,61.36011080655473,1006.8993773643554
2024-10-01 11:30:47.677797,26.43355800075895,50.95050662229295,1003.8415145706782
2024-10-01 11:30:48.677797,22.83079924310726,56.1102724218968,1015.2962095799858
2024-10-01 11:30:49.677797,25.234030427761446,50.22914993140422,1018.754777453928
2024-10-01 11:30:50.677797,24.80136393369028,48.48189613829568,993.7907695277056
2024-10-01 11:30:51.677797,23.77788155193995,54.62238005549517,1030.5139112338418
2024-10-01 11:30:52.677797,24.12370566667093,54.4718089367191,1003.1884969178658
2024-10-01 11:30:53.677797,26.043737412112947,38.622816342242096,1010.7281379954436
2024-10-01 11:30:54.677797,26.80771332183273,46.05899479561116,1006.9503648442204
2024-10-01 11:30:55.677797,28.352427819256143,44.21137691297262,1027.9420137124057
2024-10-01 11:30:56.677797,28.681020529222412,57.59504794016758,1026.988340365962
2024-10-01 11:30:57.677797,25.37202431550065,46.80679493239738,1004.109201068409
2024-10-01 11:30:58.677797,23.26926572061339,50.70444516533194,1020.0507312176894
2024-10-01 11:30:59.677797,22.956728119516345,46.48561496357465,1024.3619321824842
2024-10-01 11:31:00.677797,23.36256826942116,50.79775082267263,1008.4447234473496
2024-10-01 11:31:01.677797,26.38826470119465,51.19058442146629,1014.4056603248878
2024-10-01 11:31:02.677797,21.166340853851292,47.90453109578365,1027.621922296699
2024-10-01 11:31:03.677797,22.859382787296123,53.786575618655,1025.5668787645493
2024-10-01 11:31:04.677797,25.714751593504765,56.69651510034831,1005.4370496811716
2024-10-01 11:31:05.677797,24.804742333041883,47.79637592279825,1008.7204898319782
2024-10-01 11:31:06.677797,26.121970744088696,49.50661800267567,1016.344974184178
2024-10-01 11:31:07.677797,26.42059600963363,45.98601468448964,1010.2298893061844
2024-10-01 11:31:08.677797,24.3170294135064,46.954785188032496,1022.451880166458
2024-10-01 11:31:09.677797,23.782103809471,45.85030707814081,1018.684605464246
2024-10-01 11:31:10.677797,24.530257658492133,50.875153332240735,1019.1169118842976
2024-10-01 11:31:11.677797,27.235736278326755,44.57189778453378,1005.0200958393888
2024-10-01 11:31:12.677797,25.989765950442184,53.87434992224124,1037.274127770629
2024-10-01 11:31:13.677797,26.384419420990977,48.33175718179855,1017.9923173694856
2024-10-01 11:31:14.677797,25.58084629689485,47.23770889357253,1019.191312644322
2024-10-01 11:31:15.677797,22.00107186394074,48.01059972730477,1004.7611887550472
2024-10-01 11:31:16.677797,21.848637619025872,55.69864962889763,1008.9437952643638
2024-10-01 11:31:17.677797,27.45584006240343,49.8199934592627,1012.419243918334
2024-10-01 11:31:18.677797,24.307512067287963,40.35179264980268,1018.6283901484844
2024-10-01 11:31:19.677797,26.873764089079952,49.97436555458776,1013.8000930363823
2024-10-01 11:31:20.677797,24.09625266600069,44.87986429838287,988.5680402073556
2024-10-01 11:31:21.677797,20.94913517574983,47.31713277499014,1009.2788790621926
2024-10-01 11:31:22.677797,25.036030594454942,39.97262335775433,1013.5247478871432
2024-10-01 11:31:23.677797,25.254908125239275,47.28663250163219,1012.6326433628826
2024-10-01 11:31:24.677797,24.5762444543278,47.91159923583805,1010.0737512989838
2024-10-01 11:31:25.677797,26.845699992608672,48.252750713385936,990.0200251869918
2024-10-01 11:31:26.677797,26.484966543729957,50.47016143991708,1018.6492405691714
2024-10-01 11:31:27.677797,27.330168068359463,50.91641402721159,1014.2874623772416
2024-10-01 11:31:28.677797,23.91178607713023,57.84777738778225,1012.5511538517547
2024-10-01 11:31:29.677797,26.652624544249115,50.85843843870036,1032.686667272874
2024-10-01 11:31:30.677797,25.91766907341433,51.700162092155466,1016.6039536894642
2024-10-01 11:31:31.677797,26.674246882321263,40.61135989221036,1013.7204655261556
2024-10-01 11:31:32.677797,23.98847496296621,49.68448284835651,1013.0257701529048
2024-10-01 11:31:33.677797,25.88365004748108,49.702481004848366,1015.254771306474
2024-10-01 11:31:34.677797,23.366134634981588,43.64289066788844,1020.5645617638568
2024-10-01 11:31:35.677797,22.37910002303193,42.36064384030788,1020.6031830816836
2024-10-01 11:31:36.677797,26.39727117057516,52.595106430153,1027.7870274303343
2024-10-01 11:31:37.677797,27.82471369633884,56.000034491044126,1005.0994923651572
2024-10-01 11:31:38.677797,24.47637372259725,50.50455423729276,1016.3506815086528
2024-10-01 11:31:39.677797,23.084681154386587,56.25991148225613,1027.9454465519805
2024-10-01 11:31:40.677797,26.660604000731205,54.45625109154711,1016.3163745154784
2024-10-01 11:31:41.677797,23.972067656124388,53.06457589534839,1012.8615708527764
2024-10-01 11:31:42.677797,25.147961280034004,42.62266979722588,1018.9470306530844
2024-10-01 11:31:43.677797,28.23237949079278,51.042620373513294,1015.9736523527192
2024-10-01 11:31:44.677797,27.83732315088348,57.846981794578845,1002.7736994279436
2024-10-01 11:31:45.677797,23.7886324348704,52.33066561292078,1021.1687246799328
2024-10-01 11:31:46.677797,24.88074011555108,47.38227516488185,1019.1651660918084
2024-10-01 11:31:47.677797,25.172235674287588,49.307971314599335,1011.5370151575788
2024-10-01 11:31:48.677797,26.43390762520629,49.62012746922122,1001.8545876010724
2024-10-01 11:31:49.677797,26.24363561740784,49.52554252400585,1007.8238337743333
2024-10-01 11:31:50.677797,22.73629161491917,47.89246950755986,1015.749174306644
2024-10-01 11:31:51.677797,23.45493782309504,58.68820357185456,1018.7165955206592
2024-10-01 11:31:52.677797,25.478857371988948,47.91643907369682,1009.3072676532896
2024-10-01 11:31:53.677797,24.61036334896715,61.2910163875722,1009.4606557898428
2024-10-01 11:31:54.677797,21.659402244266293,49.06199483236465,1024.4633801634418
2024-10-01 11:31:55.677797,23.31972486192778,47.20436944961594,1015.6187710348156
2024-10-01 11:31:56.677797,21.5109878710721,49.37040259846145,1026.1967632181145
2024-10-01 11:31:57.677797,24.436558324462204,48.837569547547936,1028.458858566215
2024-10-01 11:31:58.677797,22.52953280537052,48.77969861683154,1017.6452856278648
2024-10-01 11:31:59.677797,29.0321819096078,49.92261199174177,1027.9328985668892
2024-10-01 11:32:00.677797,22.7215174946838,49.24771454704846,1007.5388594139876
2024-10-01 11:32:01.677797,26.51094071587761,62.57956747209212,1015.5511553391242
2024-10-01 11:32:02.677797,26.6818707521992,52.00180653050427,1004.2677583128068
2024-10-01 11:32:03.677797,28.13043360722468,50.06308917900599,1010.540338405244
2024-10-01 11:32:04.677797,27.86438757245985,58.011612971546,1017.6826763000972
2024-10-01 11:32:05.677797,24.86454306934214,52.715414047346336,1011.1974649678236
2024-10-01 11:32:06.677797,26.414271032701414,54.17324767180551,1011.2935227008828
2024-10-01 11:32:07.677797,28.19201173464829,50.19917107580815,1022.7176015404026
2024-10-01 11:32:08.677797,25.13949825365323,55.184960468957165,1002.095725446306
2024-10-01 11:32:09.677797,23.71127478677125,46.41001141292597,1002.83767438603
2024-10-01 11:32:10.677797,29.01086659354367,58.47609972692122,1019.2121762683148
2024-10-01 11:32:11.677797,26.36327387770241,47.967463970849,1009.3405738311264
2024-10-01 11:32:12.677797,24.465545961946717,53.96763835848656,1007.5099026241918
2024-10-01 11:32:13.677797,22.02765305735194,42.52125514423397,1018.1430843008568
2024-10-01 11:32:14.677797,26.81020056753749,50.51329979023436,1021.0511141135324
2024-10-01 11:32:15.677797,30.84553166497229,55.95086480358428,1034.6374574056117
2024-10-01 11:32:16.677797,27.62008131434962,47.45069419609953,1027.7528846579105
2024-10-01 11:32:17.677797,26.60856418286538,50.99571966701422,997.5099623618346
2024-10-01 11:32:18.677797,23.860530768810666,43.762357320087546,1022.8777731372276
2024-10-01 11:32:19.677797,23.454896098903227,53.22382232390117,1019.222889717399
2024-10-01 11:32:20.677797,25.316535265840077,48.40615695547933,1008.2449272834548
2024-10-01 11:32:21.677797,24.67771344053257,49.726037463606936,1019.4955320262706
2024-10-01 11:32:22.677797,26.746621370756834,54.48795819196015,1024.7244457615031
2024-10-01 11:32:23.677797,28.256842084429643,46.89544547363232,1011.227490311501
2024-10-01 11:32:24.677797,24.54598823518177,44.33180885139837,1012.5237588934918
2024-10-01 11:32:25.677797,26.67306267843864,50.69345149849131,1013.1865364115027
2024-10-01 11:32:26.677797,28.103595595802556,50.21994000953708,998.9708772678292
2024-10-01 11:32:27.677797,25.69890313296209,43.07306349022644,1018.354750118898
2024-10-01 11:32:28.677797,23.105163519192804,49.96196840969135,1031.784701052969
2024-10-01 11:32:29.677797,25.119525010139856,46.843315022012746,1006.277663485611
2024-10-01 11:32:30.677797,25.13840822063097,45.55357186912315,1007.419778272791
2024-10-01 11:32:31.677797,23.41483489718808,58.80917058986186,1001.4089837870728
2024-10-01 11:32:32.677797,26.4467579003906,56.18905230790448,1032.615512051309
2024-10-01 11:32:33.677797,25.69928679016465,44.34952432294785,1017.4699043598396
2024-10-01 11:32:34.677797,23.58710291263144,59.50075327035195,1045.1666756193124
2024-10-01 11:32:35.677797,25.731719395946985,50.59802261667396,1028.1226086019333
2024-10-01 11:32:36.677797,27.62826186573937,40.45024684283278,1019.1934846800584
2024-10-01 11:32:37.677797,25.68047113177021,49.39643441161469,1008.6759888003546
2024-10-01 11:32:38.677797,24.795524687610985,53.07569039265099,1031.4190263654762
2024-10-01 11:32:39.677797,26.26858107270306,51.38908170865111,1012.9761447673172
2024-10-01 11:32:40.677797,23.76873114960948,58.84123928354827,1007.8078205971728
2024-10-01 11:32:41.677797,24.944960694058583,49.96340277005826,1000.7926123956986
2024-10-01 11:32:42.677797,24.49396611412604,56.58729254588365,1012.2350763905569
2024-10-01 11:32:43.677797,25.74424808304364,47.13017636123182,1023.5131435539454
2024-10-01 11:32:44.677797,26.050118322737298,60.55748136151194,1019.1848160713018
2024-10-01 11:32:45.677797,25.08154169219428,53.24766154597185,1015.4663805532668
2024-10-01 11:32:46.677797,24.811644070821707,41.81233864685635,1009.7296704765308
2024-10-01 11:32:47.677797,24.480121466578883,55.18920107187606,1025.760456757651
2024-10-01 11:32:48.677797,23.93789797503856,54.23628205050228,1013.5108520723252
2024-10-01 11:32:49.677797,25.75372282230541,52.346171835722345,1004.2733681567177
2024-10-01 11:32:50.677797,26.319181908520605,50.48374719425087,1005.19115161175
2024-10-01 11:32:51.677797,28.58015307634835,52.045022828882416,1006.3323500927478
2024-10-01 11:32:52.677797,23.874865432079478,49.4672925919096,1010.6459553616496
2024-10-01 11:32:53.677797,25.982650062616106,52.40630170446631,1017.1893527167664
2024-10-01 11:32:54.677797,25.49994576297357,57.76040900621327,1022.1608893380882
2024-10-01 11:32:55.677797,27.332746979821785,52.69572968848605,1026.6399673895237
2024-10-01 11:32:56.677797,25.378767140204708,53.70471676956125,1006.6243040669184
2024-10-01 11:32:57.677797,26.020206455479403,48.78775847456732,997.8039989751824
2024-10-01 11:32:58.677797,22.555913818849,54.62468402097584,1023.8214613866252
2024-10-01 11:32:59.677797,25.608597417135144,43.19693238103947,1001.595242345992
2024-10-01 11:33:00.677797,23.320145530390505,47.88350407983696,1014.1062098529266
2024-10-01 11:33:01.677797,26.339338829348318,39.63936652573032,1027.669752745574
2024-10-01 11:33:02.677797,23.640843305081795,53.35119447344634,1018.6900852763148
2024-10-01 11:33:03.677797,26.185455819568816,46.64013510873245,1015.9818128652174
2024-10-01 11:33:04.677797,22.175586165346413,49.41790632476196,1028.292765850851
2024-10-01 11:33:05.677797,24.95591943643496,43.68710289666611,1003.1628144837584
2024-10-01 11:33:06.677797,24.745732887570384,52.76419870084664,1024.0881932619905
2024-10-01 11:33:07.677797,26.960368522321613,36.83877915323484,1024.2401044012622
2024-10-01 11:33:08.677797,27.602117686951956,47.6381779651324,1007.3395698880196
2024-10-01 11:33:09.677797,26.223162104111235,43.99427143810697,1008.448230070857
2024-10-01 11:33:10.677797,25.719347249968507,48.9769228283292,1009.4409646429904
2024-10-01 11:33:11.677797,26.461566618845048,37.005210435872286,1007.406194135461
2024-10-01 11:33:12.677797,27.06979580491417,47.82905486892447,1012.3874998128232
2024-10-01 11:33:13.677797,25.591797084670656,51.11800098926794,1015.8003539861696
2024-10-01 11:33:14.677797,26.690065839069423,55.55778357738258,1010.6319258689916
2024-10-01 11:33:15.677797,26.027347508691065,49.57044130904306,1015.302106188684
2024-10-01 11:33:16.677797,27.92506449940421,59.8396576370728,1018.01646995699
2024-10-01 11:33:17.677797,26.196787508298243,58.601179114897896,1003.9705927624508
2024-10-01 11:33:18.677797,21.318805721450783,45.85013373644481,1007.749644633368
2024-10-01 11:33:19.677797,23.719276854863804,51.189017113780274,1010.2464434590402
2024-10-01 11:33:20.677797,24.388020880061937,54.85942997282623,1015.6860247012744
2024-10-01 11:33:21.677797,28.469477376196583,48.80518216029212,1019.3898945887634
2024-10-01 11:33:22.677797,26.464673296670355,52.98318044625209,1008.8308767829288
2024-10-01 11:33:23.677797,23.0968362010489,49.51467095828061,1034.9720946660625
2024-10-01 11:33:24.677797,28.313981131882887,47.79244328136089,1016.4877913609072
2024-10-01 11:33:25.677797,23.014892206789423,52.46946517658268,1023.0688268838582
2024-10-01 11:33:26.677797,24.45068766909092,51.876668218401306,1021.5661549862232
2024-10-01 11:33:27.677797,23.387193649889948,47.01776082355264,1012.4397676827548
2024-10-01 11:33:28.677797,28.70061071816337,49.25951727066234,1005.1814240958524
2024-10-01 11:33:29.677797,22.71370719203078,48.51098837600578,989.9332672005193
2024-10-01 11:33:30.677797,24.27269128453138,46.56231029165947,1009.4738731095952
2024-10-01 11:33:31.677797,23.114435327346424,51.41965171098867,1020.9001822626792
2024-10-01 11:33:32.677797,24.456365974889284,44.42708503629371,991.907771878459
2024-10-01 11:33:33.677797,29.25172770319189,58.44176014187014,1020.3573103595868
2024-10-01 11:33:34.677797,26.804588911169176,45.10960415635938,1021.1111906519964
2024-10-01 11:33:35.677797,29.282312112880994,50.99347329403518,1004.0026471026368
2024-10-01 11:33:36.677797,26.151453361629144,48.02460810370869,1007.4593575512026
2024-10-01 11:33:37.677797,24.15142311716964,48.11850986473964,1011.8603949918896
2024-10-01 11:33:38.677797,24.05595250151498,52.49619551451151,1005.0104117216122
2024-10-01 11:33:39.677797,23.92436538569249,48.958683378985306,1015.0065533025686
2024-10-01 11:33:40.677797,23.192219680988195,50.73888773938319,1002.4612140613272
2024-10-01 11:33:41.677797,26.431332324772384,51.9109285592954,1018.1973138258948
2024-10-01 11:33:42.677797,27.257788984170663,44.316214992161576,1021.1430271267392
2024-10-01 11:33:43.677797,24.588754630048484,46.58376600480848,1014.0745246909052
2024-10-01 11:33:44.677797,26.56098650632011,45.52225599180083,1008.1515436144888
2024-10-01 11:33:45.677797,25.492882321333376,52.65610339357957,1025.972121109661
2024-10-01 11:33:46.677797,25.41875496605217,42.91318721025366,989.5083891914704
2024-10-01 11:33:47.677797,26.482455778955,49.10185568922536,1023.7487067099368
2024-10-01 11:33:48.677797,21.775617842830425,50.7204478128314,1007.7812235046748
2024-10-01 11:33:49.677797,24.25396116212795,65.15869539639587,1013.2237033030492
2024-10-01 11:33:50.677797,25.90509088590024,39.55666026170184,1012.838930760048
2024-10-01 11:33:51.677797,26.75968412035779,59.80529874172954,1023.845024616305
2024-10-01 11:33:52.677797,24.21727542291296,43.18207243049746,1006.1465596704512
2024-10-01 11:33:53.677797,24.804232060199265,50.1721660688161,1019.691591151338
2024-10-01 11:33:54.677797,28.873679740439734,50.168323588205816,1012.0859680866852
2024-10-01 11:33:55.677797,26.16844686671554,50.38538357731528,1011.9495965487268
2024-10-01 11:33:56.677797,27.290266148705832,46.01643904865987,1013.9297241188924
2024-10-01 11:33:57.677797,25.240073093847457,48.56995220323793,1001.6378216555124
2024-10-01 11:33:58.677797,26.472218898467972,48.05707224442155,1005.6600045199424
2024-10-01 11:33:59.677797,21.953152779180733,42.96633494660694,1013.873058464901
2024-10-01 11:34:00.677797,24.4088315068741,49.8234584595598,1016.3138587780352
2024-10-01 11:34:01.677797,22.383340883545912,49.68608713662743,1016.8324878969664
2024-10-01 11:34:02.677797,23.599149913749848,44.02214173258248,1016.212056209443
2024-10-01 11:34:03.677797,23.048703442734503,49.67276966314751,1012.8261563196828
2024-10-01 11:34:04.677797,21.992303066882418,58.142758076612814,1007.038514934698
2024-10-01 11:34:05.677797,27.25246457347332,49.99835182800593,1008.4741245037958
2024-10-01 11:34:06.677797,27.23135071745704,51.08838710018805,1040.2992928378137
2024-10-01 11:34:07.677797,24.78839595356132,50.66277170973811,1015.9197866374374
2024-10-01 11:34:08.677797,22.1692311480504,49.71590942302302,1011.3236300209752
2024-10-01 11:34:09.677797,25.69933263555465,44.98797664313226,1012.8128662661512
2024-10-01 11:34:10.677797,24.62844007543779,44.54544132066789,1003.21551809099
2024-10-01 11:34:11.677797,23.093347525075423,46.64743624143752,1007.838210341369
2024-10-01 11:34:12.677797,25.39718780047277,43.12246945666363,1012.8265827749208
2024-10-01 11:34:13.677797,23.90165189736004,37.930098824589095,997.4387861125113
2024-10-01 11:34:14.677797,21.6458757654099,50.725910958486764,1000.5583623596582
2024-10-01 11:34:15.677797,26.86195773816403,53.67913706575889,1000.4056206292952
2024-10-01 11:34:16.677797,23.021452778771582,55.12600437352843,991.853417122163
2024-10-01 11:34:17.677797,25.105609191834716,46.77184349958812,1010.6003587053682
2024-10-01 11:34:18.677797,23.240390050710072,53.55654185411485,1000.2872566507174
2024-10-01 11:34:19.677797,28.15622289934409,60.184376858148944,1013.7927199601232
2024-10-01 11:34:20.677797,21.728055223684034,43.19773457811701,1006.922859952419
2024-10-01 11:34:21.677797,25.474243090472697,51.73903636646814,1024.0668119643874
2024-10-01 11:34:22.677797,23.66549384411976,49.53113204947556,1014.6211971516072
2024-10-01 11:34:23.677797,27.929701557813573,49.80742105202014,1000.7052907124988
2024-10-01 11:34:24.677797,23.983723809554107,48.68455460355211,999.3465465620764
2024-10-01 11:34:25.677797,22.576577443394484,44.73445948582132,1010.2763757495518
2024-10-01 11:34:26.677797,24.100654546075983,50.12340246823489,1025.317119613176
2024-10-01 11:34:27.677797,22.61197256825795,47.42991523897472,1012.0794530904176
2024-10-01 11:34:28.677797,19.758035072134028,51.7410202645543,1010.5574892825068
2024-10-01 11:34:29.677797,23.2483779155324,40.28872331371423,1015.9522992352008
2024-10-01 11:34:30.677797,24.95245240705658,50.15607505641509,1018.4083182120772
2024-10-01 11:34:31.677797,21.86741533269423,49.96481320472592,1001.3495214456456
2024-10-01 11:34:32.677797,27.408396207731144,59.60069833101981,1001.3443770227668
2024-10-01 11:34:33.677797,25.247038409171083,43.75595073099112,1004.3388925957406
2024-10-01 11:34:34.677797,27.30122627071357,49.274637337708086,1021.1992505149708
2024-10-01 11:34:35.677797,21.610022296671445,51.79765101262434,1014.0757247519842
2024-10-01 11:34:36.677797,23.68692606432289,48.4004943814506,1015.5720991843566
2024-10-01 11:34:37.677797,25.86542400998996,52.05523758406409,1008.3288397462208
2024-10-01 11:34:38.677797,30.802965716492167,42.429356067702166,1026.5311134218482
2024-10-01 11:34:39.677797,22.471088027104635,51.08893411357244,1009.993562470006
2024-10-01 11:34:40.677797,28.66211134250191,46.635549509567824,1018.014051035848
2024-10-01 11:34:41.677797,22.667202791268103,50.4861963801834,1000.5964912906336
2024-10-01 11:34:42.677797,22.007197784150456,39.32909409593659,1012.8774453311408
2024-10-01 11:34:43.677797,21.4309825479805,48.28112463967428,1018.9618918124288
2024-10-01 11:34:44.677797,22.9493857852792,55.120681847934094,1022.6130731836532
2024-10-01 11:34:45.677797,25.775601295814955,52.4443584515365,990.6973184477029
2024-10-01 11:34:46.677797,22.968534969845667,45.95869307707948,1028.932549652125
2024-10-01 11:34:47.677797,22.97777253389797,48.99253054799221,1027.3680293255495
2024-10-01 11:34:48.677797,23.863542475242287,49.10935993362735,1016.4574072985736
2024-10-01 11:34:49.677797,23.01789811162438,54.51597852754168,998.5279617442292
2024-10-01 11:34:50.677797,24.80879020320784,48.24085437078597,1017.1815678505616
2024-10-01 11:34:51.677797,25.719304894194188,45.87181033605946,1024.6026471599828
2024-10-01 11:34:52.677797,23.407157919810874,50.74272238677837,1022.1971978042968
2024-10-01 11:34:53.677797,25.476660905757885,51.756935605495954,1004.780481039988
2024-10-01 11:34:54.677797,24.612288881105425,52.430278170672175,1014.5590484768128
2024-10-01 11:34:55.677797,25.38413738745077,56.32711143669688,1032.7538083922288
2024-10-01 11:34:56.677797,26.684638098694347,42.60537859590778,1001.9547180238792
2024-10-01 11:34:57.677797,26.545501172844,53.75713677793215,1019.6890678025992
2024-10-01 11:34:58.677797,27.08925039037394,50.74129705475081,1028.0455096761234
2024-10-01 11:34:59.677797,22.77058869527468,49.50062986240178,1021.993605505362
2024-10-01 11:35:00.677797,21.544271586186,53.90049602826119,987.2857658851548
2024-10-01 11:35:01.677797,23.461014360853085,49.06185038157899,999.5667495493084
2024-10-01 11:35:02.677797,24.671693041580543,50.52538150279701,1014.1458982461716
2024-10-01 11:35:03.677797,20.66976575023092,51.73971071481583,1015.9675768534374
2024-10-01 11:35:04.677797,23.0300163531284,59.33896804487544,1032.4379608712848
2024-10-01 11:35:05.677797,27.3868130658068,45.87926452674743,1021.7380032070434
2024-10-01 11:35:06.677797,27.09109853806258,44.597028604077394,1015.503654767739
2024-10-01 11:35:07.677797,22.301992546426558,47.4068149603516,1022.385836692715
2024-10-01 11:35:08.677797,26.516734686502534,42.07110591983368,1024.5306750997631
2024-10-01 11:35:09.677797,22.78821405325973,49.57848470343017,1013.1260134951572
2024-10-01 11:35:10.677797,23.543416015898423,48.48501619989249,997.5494570778404
2024-10-01 11:35:11.677797,24.079655594046404,43.01273656437223,1027.684790352555
2024-10-01 11:35:12.677797,23.036779434573983,55.964446467538494,1026.9051965002127
2024-10-01 11:35:13.677797,20.27512569987121,46.434131541926696,992.0384585637696
2024-10-01 11:35:14.677797,27.58066055454202,43.62622321872478,1007.8702221497628
2024-10-01 11:35:15.677797,29.97134192984397,58.881903105653976,1023.6306816905554
2024-10-01 11:35:16.677797,22.012132260196267,37.97153410249212,1005.5342766071176
2024-10-01 11:35:17.677797,25.957370332459533,46.88013137773182,1009.5482423687343
2024-10-01 11:35:18.677797,25.170911951985254,50.661177828550095,1029.3568033734612
2024-10-01 11:35:19.677797,21.93248347807925,50.75185282730492,1023.8708256627732
2024-10-01 11:35:20.677797,26.25575439463772,45.17143162548865,1018.3224035708672
2024-10-01 11:35:21.677797,26.509320951274265,56.24183394200479,1013.4659723820188
2024-10-01 11:35:22.677797,28.62414311222136,48.68811781039266,1001.941915838502
2024-10-01 11:35:23.677797,27.889101601796902,50.99001778132266,1004.1777698316544
2024-10-01 11:35:24.677797,23.59931855626497,55.396032547305424,1012.3684886057728
2024-10-01 11:35:25.677797,26.712117863804007,54.88232559189672,1006.9728250425557
2024-10-01 11:35:26.677797,24.70274261219794,48.08961653704892,1014.7780475556496
2024-10-01 11:35:27.677797,21.61187719426325,56.1605230591936,1021.5261646860844
2024-10-01 11:35:28.677797,30.00585615082856,45.77782898900546,1012.3023617855836
2024-10-01 11:35:29.677797,25.230510897354307,43.68437302690106,1013.3907909712804
2024-10-01 11:35:30.677797,26.94040703052574,51.23750217145941,1020.876844004037
2024-10-01 11:35:31.677797,26.96715036815695,53.02631147750763,1009.3475068269936
2024-10-01 11:35:32.677797,26.565472979445047,48.67021607264654,1009.0769779193388
2024-10-01 11:35:33.677797,27.284030253463225,46.25484804189874,1008.2855093580112
2024-10-01 11:35:34.677797,22.576666438132847,52.55493938411538,995.2554461342849
2024-10-01 11:35:35.677797,23.381959384815637,42.61998851486394,1022.2545382786878
2024-10-01 11:35:36.677797,25.69983618450878,40.49170604986436,1012.3538600422866
2024-10-01 11:35:37.677797,25.800514517092385,50.97121578742575,1011.6431637826204
2024-10-01 11:35:38.677797,29.23751795713157,57.34685198968967,1017.944301835002
2024-10-01 11:35:39.677797,26.79954896218656,52.86973609590718,998.0777327699049
2024-10-01 11:35:40.677797,25.09470836992611,49.63833327942184,1013.3266950429788
2024-10-01 11:35:41.677797,29.724326720384305,55.24416856047272,1012.4196684149052
2024-10-01 11:35:42.677797,26.210979034452308,52.86407006910836,1024.9815573299372
2024-10-01 11:35:43.677797,22.81103727242833,58.17615568429708,1008.8191977153524
2024-10-01 11:35:44.677797,25.609462301232583,52.32346885925855,994.440457141204
2024-10-01 11:35:45.677797,25.866384319277675,54.09701624478349,1016.015421285792
2024-10-01 11:35:46.677797,24.8223352683278,47.94287865836196,987.34176555532
2024-10-01 11:35:47.677797,20.686548274014363,54.53510736740412,1012.19470914944
2024-10-01 11:35:48.677797,26.14304869472585,48.31877315217163,1016.916521389295
2024-10-01 11:35:49.677797,23.71090021532845,50.378958271034094,1014.3016874249712
2024-10-01 11:35:50.677797,21.987019965645377,52.39216570068852,1001.0906756099384
2024-10-01 11:35:51.677797,25.123992548988767,45.85765530874525,1012.687107020829
2024-10-01 11:35:52.677797,23.637883095015557,47.07964592107366,1018.9800796623672
2024-10-01 11:35:53.677797,24.342369695627823,41.9640336841575,1018.795633936874
2024-10-01 11:35:54.677797,26.030975047208532,56.78549775754248,1018.9776980510928
2024-10-01 11:35:55.677797,23.28098225533261,47.68619595147344,1008.0312225816228
2024-10-01 11:35:56.677797,22.8437965871939,48.23014254830036,1011.4194669134728
2024-10-01 11:35:57.677797,28.61780419821268,48.51333317681064,995.7542040598012
2024-10-01 11:35:58.677797,24.78964779244676,54.36316154193579,1013.1957638393878
2024-10-01 11:35:59.677797,28.287937879056727,45.91484809785407,1007.8546497942342
2024-10-01 11:36:00.677797,22.649937245067058,49.80157438847175,1012.0562502028582
2024-10-01 11:36:01.677797,25.273793056181507,47.781123811525816,1026.5587599267933
2024-10-01 11:36:02.677797,25.067185035850454,45.40278955982497,1005.0052509943652
2024-10-01 11:36:03.677797,27.89985215455262,47.477173353296656,1028.360846476221
2024-10-01 11:36:04.677797,25.137972443071305,44.08904747847866,1011.81120720271
2024-10-01 11:36:05.677797,26.710470820977367,44.78330371887286,1013.3444932873956
2024-10-01 11:36:06.677797,25.94439301998363,51.274761952952446,1009.0938319052524
2024-10-01 11:36:07.677797,25.062200444843235,52.78011182223085,999.3334280396504
2024-10-01 11:36:08.677797,27.171148514580235,52.506511365050976,1016.2587798067256
2024-10-01 11:36:09.677797,23.819511495591776,54.76670271031523,1005.6108736358904
2024-10-01 11:36:10.677797,26.203335506977307,49.33616169405341,1029.192449571549
2024-10-01 11:36:11.677797,26.4860438777734,44.95078810343095,1005.4209078005268
2024-10-01 11:36:12.677797,21.5125763023128,45.51562033577599,1017.5912741914582
2024-10-01 11:36:13.677797,24.659874107206207,62.64265203995684,1009.277030102037
2024-10-01 11:36:14.677797,26.942023110886154,48.015434327949215,1006.9131575555956
2024-10-01 11:36:15.677797,22.622983699941365,55.57051515844619,1022.0961926738892
2024-10-01 11:36:16.677797,26.230835931834505,48.40642996076959,1022.6734519167474
2024-10-01 11:36:17.677797,24.797664127721827,56.81377389292111,1007.6430833087658
2024-10-01 11:36:18.677797,24.710905401745485,53.16997098321212,999.465741848234
2024-10-01 11:36:19.677797,26.410250879712315,46.09305858438625,1012.3395639890194
2024-10-01 11:36:20.677797,26.23772082818585,42.38923170710239,999.2630178237404
2024-10-01 11:36:21.677797,25.57013229795688,43.198019305399015,1008.378961979267
2024-10-01 11:36:22.677797,21.591366260886424,51.48264776688964,1001.3928143876636
2024-10-01 11:36:23.677797,24.10564078980877,48.02750828464135,1008.5129197492826
2024-10-01 11:36:24.677797,28.101035430150155,53.966426503604005,1007.4164935793284
2024-10-01 11:36:25.677797,22.878481845120252,44.97376347720597,1006.1057353083884
2024-10-01 11:36:26.677797,22.142426683982343,54.31060862679346,999.1692046693864
2024-10-01 11:36:27.677797,24.01208376912857,50.94347106769758,1016.2656997229576
2024-10-01 11:36:28.677797,28.253021203421124,55.58822320518329,981.7762045380622
2024-10-01 11:36:29.677797,24.04208390093535,55.3357101582692,1011.9398258430584
2024-10-01 11:36:30.677797,24.049554790354435,53.5506878049089,1016.403841118642
2024-10-01 11:36:31.677797,27.845032369236694,42.80718635826604,1009.7080738095618
2024-10-01 11:36:32.677797,23.33020105273071,44.30442174850257,1014.5965227421392
2024-10-01 11:36:33.677797,24.195290513250647,43.01814946796149,1016.972360583777
2024-10-01 11:36:34.677797,25.57255585784684,58.924849582870245,1024.45019135159
2024-10-01 11:36:35.677797,27.79097460333962,50.440951888531,1028.7598564640675
2024-10-01 11:36:36.677797,26.20698634276964,50.18164650542543,1013.699569592414
2024-10-01 11:36:37.677797,29.94735489805008,48.0842512417,998.7013076880588
2024-10-01 11:36:38.677797,24.959552463588498,55.28033627279397,1021.268886352752
2024-10-01 11:36:39.677797,24.237825911581545,55.68027657150574,1025.3261638637462
2024-10-01 11:36:40.677797,26.280886298338327,50.65896233557219,1025.2153858427848
2024-10-01 11:36:41.677797,22.24327903097065,56.02317256001966,1018.7083134271182
2024-10-01 11:36:42.677797,23.669493228349577,55.27313988590903,1030.213529784237
2024-10-01 11:36:43.677797,26.312217562546017,52.54032431858504,1004.4670344413148
2024-10-01 11:36:44.677797,25.309498794163225,51.641615942200566,1011.2287504676822
2024-10-01 11:36:45.677797,28.41609866722854,52.579788732814734,1007.4511977733612
2024-10-01 11:36:46.677797,27.88259040774309,47.85677366542697,1011.2176820111832
2024-10-01 11:36:47.677797,25.657773746233964,52.607333490627,1005.1805406000016
2024-10-01 11:36:48.677797,23.643427290104835,48.191239516171365,1014.8180525620788
2024-10-01 11:36:49.677797,25.825924604863104,52.44749492801344,1016.8165846504183
2024-10-01 11:36:50.677797,25.27325598745571,46.26600625889645,1010.5844284642412
2024-10-01 11:36:51.677797,24.941577654658797,50.06989120958853,999.56029046201
2024-10-01 11:36:52.677797,26.458080556623592,55.48297160374419,1014.4061613376884
2024-10-01 11:36:53.677797,25.777261284847327,46.78302443358457,1014.2009436160208
2024-10-01 11:36:54.677797,24.724842732098217,61.641112110762606,1023.37471270847
2024-10-01 11:36:55.677797,27.75159508180335,48.05668653638195,1021.1621578453088
2024-10-01 11:36:56.677797,22.608594342670653,45.15612847158214,1005.7454354129542
2024-10-01 11:36:57.677797,22.022558304080743,46.754257148750426,1021.9422676220491
2024-10-01 11:36:58.677797,25.8190581137235,48.04768687345698,1009.0657914836216
2024-10-01 11:36:59.677797,24.722830516723967,54.84007470081681,1007.0416064150633
2024-10-01 11:37:00.677797,23.59803463830429,54.82504417945233,1027.4884276456714
2024-10-01 11:37:01.677797,26.097168285653837,52.66851716842636,1019.1082760715497
2024-10-01 11:37:02.677797,26.19618453792187,50.56970259144872,1023.353117350372
2024-10-01 11:37:03.677797,27.08697508495011,40.87636624175423,1013.911607631728
2024-10-01 11:37:04.677797,25.07067661651397,46.868104730929936,1012.3893008665544
2024-10-01 11:37:05.677797,27.320018409927304,58.945075932890944,1000.0483674313326
2024-10-01 11:37:06.677797,25.333464070975296,52.1513886244797,1017.1399296230654
2024-10-01 11:37:07.677797,21.994860806029298,51.47943310439578,1010.8890324013884
2024-10-01 11:37:08.677797,26.43955938607933,45.45797550558807,1013.9150501558296
2024-10-01 11:37:09.677797,26.67543584655516,48.31767612542132,1019.785177806393
2024-10-01 11:37:10.677797,25.52325315628476,50.95414689815247,1022.7074150670372
2024-10-01 11:37:11.677797,21.46460125293213,52.38217267812978,1025.7684559566817
2024-10-01 11:37:12.677797,22.29081107169436,40.69084277025813,1020.186543380692
2024-10-01 11:37:13.677797,26.2676538037837,48.104563454988735,1033.394826661417
2024-10-01 11:37:14.677797,26.686896532090916,52.06953915709094,1029.1269715552787
2024-10-01 11:37:15.677797,22.37790728217152,57.23430364663922,1014.2796444937834
2024-10-01 11:37:16.677797,22.83984100255662,56.13139486878133,1009.795444680356
2024-10-01 11:37:17.677797,23.35719262090876,59.86518026682062,1020.9919019394442
2024-10-01 11:37:18.677797,28.43175227923061,55.494730463034216,1009.7667455786478
2024-10-01 11:37:19.677797,22.50291392535087,56.61726680559095,1021.2969102198446
2024-10-01 11:37:20.677797,26.10584608576457,44.541800092900274,1016.4616674172456
2024-10-01 11:37:21.677797,22.534044406167727,46.3959289720903,1006.4778201894352
2024-10-01 11:37:22.677797,25.67616224581872,51.08399558650101,1016.9272627233564
2024-10-01 11:37:23.677797,26.065909567904377,43.18356317202319,1009.9329737106384
2024-10-01 11:37:24.677797,22.08560949799082,58.952566384840026,1011.021577095903
2024-10-01 11:37:25.677797,21.661083549178784,46.40809569105431,1003.0569160570248
2024-10-01 11:37:26.677797,23.71319553249886,55.383611127343,1013.8205144864304
2024-10-01 11:37:27.677797,25.600839496041367,51.674353764242646,1015.8704163852402
2024-10-01 11:37:28.677797,22.936818175138065,47.49711740359995,1014.3667708418982
2024-10-01 11:37:29.677797,24.367449190241885,52.481635650718296,994.043005690751
2024-10-01 11:37:30.677797,21.76985662561981,51.25493757314706,1011.8565812624583
2024-10-01 11:37:31.677797,30.46553684266968,54.73973983751327,1014.7813083817276
2024-10-01 11:37:32.677797,27.329086938627217,50.67852373005434,1019.6313961229088
2024-10-01 11:37:33.677797,24.4458493128602,50.91382915515317,1026.6011953772245
2024-10-01 11:37:34.677797,26.74736575620224,49.89617180616965,1020.0925885931164
2024-10-01 11:37:35.677797,26.19319435596272,49.21302860589331,1019.318706144795
2024-10-01 11:37:36.677797,25.734649661287317,43.86363587141106,1008.8401779653002
2024-10-01 11:37:37.677797,23.15612797550031,45.66554686571308,1010.1862256114028
2024-10-01 11:37:38.677797,23.31774610001184,48.79013436162782,996.6503882569386
2024-10-01 11:37:39.677797,27.503558901615687,54.029206546115375,1021.2256295836034
2024-10-01 11:37:40.677797,25.739013627116,51.28707822198388,1006.9988387454484
2024-10-01 11:37:41.677797,25.18874658330541,49.06267024211756,1015.279091988084
2024-10-01 11:37:42.677797,24.26134361381921,57.45078609093851,1018.728853550568
2024-10-01 11:37:43.677797,23.924893308266828,51.87379670065503,1017.0674508292752
2024-10-01 11:37:44.677797,25.157852178234283,60.86209353154228,995.9999589172612
2024-10-01 11:37:45.677797,23.602471335461743,52.20678653074005,991.2806422163396
2024-10-01 11:37:46.677797,21.617067073146035,48.90988133298607,1025.5111962831077
2024-10-01 11:37:47.677797,22.782416951811346,46.622815915739146,1024.6310204141116
2024-10-01 11:37:48.677797,22.57144860114016,40.25162753905042,1010.59255100797
2024-10-01 11:37:49.677797,26.665569771285448,40.39597742807669,1028.5409991368826
2024-10-01 11:37:50.677797,22.89311812010521,56.511532838862536,1022.8244393935818
2024-10-01 11:37:51.677797,22.65193941052946,51.620548857754805,1001.2277946718028
2024-10-01 11:37:52.677797,24.482067066234748,49.00969074249597,1019.588624036543
2024-10-01 11:37:53.677797,24.073601273758957,41.91358592417021,1022.0965959439054
2024-10-01 11:37:54.677797,24.346956673857616,50.668368000631496,1009.2937787266372
2024-10-01 11:37:55.677797,24.334301981126032,41.71839670646687,1013.5495669895672
2024-10-01 11:37:56.677797,25.01204111140721,44.10662902144243,1014.5696011178592
2024-10-01 11:37:57.677797,25.427878783421143,48.40927673770686,1011.3900052781638
2024-10-01 11:37:58.677797,23.645034043611656,43.38144372118194,996.4628146187785
2024-10-01 11:37:59.677797,25.455650137379244,53.402651990901305,996.267577786254
2024-10-01 11:38:00.677797,25.54407462600742,48.17266881986379,1009.723553078236
2024-10-01 11:38:01.677797,22.65262350533628,41.57722789453904,1008.4807922847576
2024-10-01 11:38:02.677797,25.90073017993199,53.46484372035349,1014.3688758465614
2024-10-01 11:38:03.677797,24.06667771255222,51.56384243617167,1008.3595984954432
2024-10-01 11:38:04.677797,22.02060916719656,50.68548754839626,1017.9580695268374
2024-10-01 11:38:05.677797,24.17470596085949,51.79983380913213,1008.1454647430191
2024-10-01 11:38:06.677797,21.345177951073403,53.781635145606806,1005.2302684071666
2024-10-01 11:38:07.677797,24.496754699181167,49.9615911714535,1009.2761515089976
2024-10-01 11:38:08.677797,23.047884853609503,52.76956979881746,1020.8023577127652
2024-10-01 11:38:09.677797,27.573419213945,41.91292070879906,1007.7656470649176
2024-10-01 11:38:10.677797,22.80910015828503,54.271613873402224,1022.0145955993144
2024-10-01 11:38:11.677797,28.0898948861848,48.00053215613168,1018.6500020455402
2024-10-01 11:38:12.677797,24.347007106815237,49.11511684456676,1021.2671775049656
2024-10-01 11:38:13.677797,24.639225903778662,47.974993619892125,1021.4365535721912
2024-10-01 11:38:14.677797,26.80949106520248,46.10278861536176,1021.012163728682
2024-10-01 11:38:15.677797,23.44918525676105,39.5515280341418,1013.5347104766554
2024-10-01 11:38:16.677797,25.410820185071536,45.576610689808646,1004.8610972605956
2024-10-01 11:38:17.677797,24.2450167685366,52.19751751943653,1025.2987750605505
2024-10-01 11:38:18.677797,22.727070293792785,52.51614788933626,1005.792469628863
2024-10-01 11:38:19.677797,24.38200753773678,56.57877093072531,1016.8292651571566
2024-10-01 11:38:20.677797,28.698686178889734,57.64617580837897,1019.6073064373704
2024-10-01 11:38:21.677797,23.49621227181179,50.23697195086799,1027.4920527233676
2024-10-01 11:38:22.677797,26.95085163067393,49.83005338881208,1015.644462026582
2024-10-01 11:38:23.677797,23.27773056078919,52.632844062315215,1012.6462093424204
2024-10-01 11:38:24.677797,22.74195978416807,43.37680916676913,1014.2108742444964
2024-10-01 11:38:25.677797,22.19608999199404,52.73424366949614,1007.524801604992
2024-10-01 11:38:26.677797,22.557390637156065,53.83204487918159,1012.9344374693312
2024-10-01 11:38:27.677797,26.67486824268893,44.08451365097175,1025.2109188801364
2024-10-01 11:38:28.677797,27.436498162382485,52.72576334087832,996.3492468931256
2024-10-01 11:38:29.677797,24.272683756978022,53.16625090233371,1000.6761794692584
2024-10-01 11:38:30.677797,26.796606862038352,53.447298774207766,1001.2595873252152
2024-10-01 11:38:31.677797,26.11825569597049,54.26273385905375,995.6265746529616
2024-10-01 11:38:32.677797,25.64146091646346,46.13712485572185,1016.106937497966
2024-10-01 11:38:33.677797,22.961402570359283,53.073721493065335,1024.7409087396454
2024-10-01 11:38:34.677797,21.650995342329036,48.52666997458526,1001.2179691589708
2024-10-01 11:38:35.677797,26.673977616173644,51.73956468649696,1002.5591265456108
2024-10-01 11:38:36.677797,24.658972157122182,45.850776844892856,1037.3393042086827
2024-10-01 11:38:37.677797,22.680998135296,54.08299577789818,1014.4350359424756
2024-10-01 11:38:38.677797,27.03554979280874,53.74127430258336,1023.9492694903806
2024-10-01 11:38:39.677797,23.45814999772749,57.875980767008784,1012.6942711894123
2024-10-01 11:38:40.677797,25.470185774853014,40.62124550667289,1008.1070303305276
2024-10-01 11:38:41.677797,22.989055670179894,38.12408592625842,1018.0077860138296
2024-10-01 11:38:42.677797,24.65631111328253,50.61316156437213,1030.5356303101407
2024-10-01 11:38:43.677797,23.57978183781803,43.33200832804613,1022.8864550307882
2024-10-01 11:38:44.677797,28.75309492745152,49.735969116777056,1004.7665077801158
2024-10-01 11:38:45.677797,24.33732596398753,48.24759696860302,1018.4621501593176
2024-10-01 11:38:46.677797,21.2610478445502,43.9841960852562,1012.8835337290272
2024-10-01 11:38:47.677797,26.26039983450208,55.42092693274645,1006.7835434376996
2024-10-01 11:38:48.677797,22.47572302769086,48.503081773680336,1015.2851717727008
2024-10-01 11:38:49.677797,24.26452933514869,48.9709989533912,1028.7690180344218
2024-10-01 11:38:50.677797,21.03574948854752,49.578364988574215,1002.5334610287846
2024-10-01 11:38:51.677797,23.663176530676537,44.67420789588783,1002.4551194338422
2024-10-01 11:38:52.677797,24.14850434067901,47.65762476955333,1005.923945699535
2024-10-01 11:38:53.677797,22.780245527970457,51.87148138540158,1020.8483084084706
2024-10-01 11:38:54.677797,26.429287254586264,46.20384828436159,1020.8276363491289
2024-10-01 11:38:55.677797,23.76060437948213,53.84453531877339,1015.2744273673792
2024-10-01 11:38:56.677797,24.333108346746997,50.33342460393759,1013.751459302456
2024-10-01 11:38:57.677797,25.014399187982704,49.57595718828328,1020.5902290683744
2024-10-01 11:38:58.677797,26.361640136591596,45.1927383034348,1006.2956931197948
2024-10-01 11:38:59.677797,23.05974391822915,53.44275012174932,1000.045200297301
2024-10-01 11:39:00.677797,24.46605141174808,48.856597865701374,1021.2685926635144
2024-10-01 11:39:01.677797,26.439922830170705,57.90513712357991,1012.4211013026214
2024-10-01 11:39:02.677797,27.07483354973149,46.035650294309086,1013.8270863388018
2024-10-01 11:39:03.677797,23.76071814697366,48.33042231945087,1010.8413002586506
2024-10-01 11:39:04.677797,21.31567799791293,53.76088226721439,1016.9544788551632
2024-10-01 11:39:05.677797,22.93354646244678,50.71554640051188,1025.946119903501
2024-10-01 11:39:06.677797,23.71853198619984,53.74097693675255,1017.407215535682
2024-10-01 11:39:07.677797,22.10321660759172,51.83133951566842,1009.5539273172624
2024-10-01 11:39:08.677797,22.889844100556548,45.32743625255971,1009.0668267023304
2024-10-01 11:39:09.677797,23.556453802393893,46.83312955815124,1002.7536226484362
2024-10-01 11:39:10.677797,27.26306106305619,56.22846827939293,1009.1959598401356
2024-10-01 11:39:11.677797,25.67840995936873,45.66154970203335,1012.0736839615884
2024-10-01 11:39:12.677797,25.416617624431627,50.4022103118679,1015.5116726985136
2024-10-01 11:39:13.677797,24.28575318167622,47.61230131105589,995.6123653310394
2024-10-01 11:39:14.677797,24.567850403788704,50.826688056072165,1004.851747298236
2024-10-01 11:39:15.677797,23.986694436905903,50.216790850706346,1010.4164150011342
2024-10-01 11:39:16.677797,23.22109302874858,49.33965173292985,1009.2042869764751
2024-10-01 11:39:17.677797,26.43706650788809,43.38489443227999,1016.8962334388945
2024-10-01 11:39:18.677797,27.956187480835677,50.57950529464094,1008.7275972737168
2024-10-01 11:39:19.677797,22.399732422084004,57.28197528153933,1002.0454053780056
2024-10-01 11:39:20.677797,22.984215386090515,59.23019059808654,1023.9181362684366
2024-10-01 11:39:21.677797,25.52013862252405,49.77769585289756,1026.3554891372594
2024-10-01 11:39:22.677797,23.401058034815183,49.57710301330791,1030.4915609173663
2024-10-01 11:39:23.677797,25.722156001539545,52.8536543742184,1001.7409663946598
2024-10-01 11:39:24.677797,23.52211474982142,55.25896277193355,1009.3175875700584
2024-10-01 11:39:25.677797,26.27790426365388,48.49136224561348,1018.6284881073392
2024-10-01 11:39:26.677797,25.908822067501244,45.73164523814199,1023.6286333196048
2024-10-01 11:39:27.677797,25.722497026924305,54.10494533084128,1005.309799161103
2024-10-01 11:39:28.677797,26.697175789746527,47.26772027487737,1025.7619189743946
2024-10-01 11:39:29.677797,23.140089209145128,48.25955886920406,1011.8668897557642
2024-10-01 11:39:30.677797,24.331664961478317,47.3628852930174,1015.7132048452152
2024-10-01 11:39:31.677797,23.502127177971293,51.76421977702577,1019.8560342986026
2024-10-01 11:39:32.677797,27.074580848682903,43.97178193632289,1007.444566866832
2024-10-01 11:39:33.677797,29.0012762685792,44.50313124790747,1009.683441753331
2024-10-01 11:39:34.677797,22.635879253732032,46.62501000284777,1022.8885582443268
2024-10-01 11:39:35.677797,21.27547475101532,45.969378458493,1010.6834593820384
2024-10-01 11:39:36.677797,26.98876482888745,44.68372329436211,1027.4837060896666
2024-10-01 11:39:37.677797,26.94113413205068,55.42099684240481,1018.9540967782096
2024-10-01 11:39:38.677797,25.711608271797587,48.30842561126428,1016.9465457036532
2024-10-01 11:39:39.677797,23.54481473945648,46.71034933936657,1022.2878572865366
2024-10-01 11:39:40.677797,22.32865359396905,50.22275147243976,1013.4798632489968
2024-10-01 11:39:41.677797,24.24735312338975,59.7179872151816,995.0494151026488
2024-10-01 11:39:42.677797,26.69975521101699,49.383005798865824,1010.2409600468582
2024-10-01 11:39:43.677797,21.693133165446383,62.62522698553825,1002.8281016678434
2024-10-01 11:39:44.677797,28.74140966191544,51.05107553509659,1006.9214899074166
2024-10-01 11:39:45.677797,23.799138991689038,53.60843213119176,1010.1302869381016
2024-10-01 11:39:46.677797,23.319443354413117,48.35807458110872,1022.5943307469508
2024-10-01 11:39:47.677797,26.902217897469395,43.806626424034754,1022.8703002554832
2024-10-01 11:39:48.677797,24.823549257176985,60.61580874758837,1031.029386804715
2024-10-01 11:39:49.677797,23.897030258993105,57.23347297457677,1021.54821483095
2024-10-01 11:39:50.677797,26.551277400748305,52.74682566641891,1029.5401328563498
2024-10-01 11:39:51.677797,24.26924716395326,49.67537236445399,1015.581336714528
2024-10-01 11:39:52.677797,24.86362076826221,51.980326182881605,1012.1218097949494
2024-10-01 11:39:53.677797,25.48518554629886,46.53803061636396,1010.6713669279964
2024-10-01 11:39:54.677797,24.120292040206284,46.22323325195702,1007.2799078964958
2024-10-01 11:39:55.677797,23.86259829073149,45.2581559148204,1027.5799377073934
2024-10-01 11:39:56.677797,24.428301206325248,46.16871588015436,976.5940766005092
2024-10-01 11:39:57.677797,24.04709434704824,48.30600192872702,1010.5205815108948
2024-10-01 11:39:58.677797,20.15095814706073,49.20491972046635,997.2920597389724
2024-10-01 11:39:59.677797,22.149456623017727,57.014848531633504,1005.8123065884748
2024-10-01 11:40:00.677797,27.14489372885101,46.9368138153806,1015.1635613874798
2024-10-01 11:40:01.677797,23.917129356326573,52.75769551705035,1015.266703925881
2024-10-01 11:40:02.677797,27.87084736308485,48.23204121266224,1006.4584859094304
2024-10-01 11:40:03.677797,23.868106900441624,53.38374555960445,1019.8991811187482
2024-10-01 11:40:04.677797,24.94216381109792,46.6842098773533,1008.2453553944036
2024-10-01 11:40:05.677797,27.35519054279854,52.48499409519685,1017.4390639900902
2024-10-01 11:40:06.677797,27.472771324885283,46.45537865563962,1000.5566871492656
2024-10-01 11:40:07.677797,27.361232250599397,51.52921013075643,1030.5196107377924
2024-10-01 11:40:08.677797,30.10552700756265,50.32480958099146,1021.5854819478134
2024-10-01 11:40:09.677797,25.273260786563718,57.35981988591144,998.2886514381152
2024-10-01 11:40:10.677797,23.744848951992992,51.91908741994772,1019.2778176085396
2024-10-01 11:40:11.677797,28.743463143823444,46.25212279026256,1013.362338998736
2024-10-01 11:40:12.677797,25.63297305448366,57.84359388879031,997.7744870627324
2024-10-01 11:40:13.677797,26.40361780892612,47.51052255280899,1011.7568596306448
2024-10-01 11:40:14.677797,25.663675797706805,57.71836425917963,1017.691868836876
2024-10-01 11:40:15.677797,27.412351923774136,47.42738915891417,1029.786329508774
2024-10-01 11:40:16.677797,23.54480253685451,41.89808513644636,1010.3246297943002
2024-10-01 11:40:17.677797,27.88301881212273,45.25174144610553,1002.6846602951985
2024-10-01 11:40:18.677797,25.797904339558087,54.02775922512405,987.6858992040472
2024-10-01 11:40:19.677797,27.59607866798478,38.31370694788312,1001.790328667846
2024-10-01 11:40:20.677797,26.11682451306239,43.538072977234464,1022.193220683899
2024-10-01 11:40:21.677797,18.927155841319514,62.44523464492278,1011.9793979555834
2024-10-01 11:40:22.677797,25.733697683176256,54.460013030463486,1001.7710844443262
2024-10-01 11:40:23.677797,25.75237738500615,55.70612406790918,987.024836964208
2024-10-01 11:40:24.677797,26.952022589319373,46.65927787540967,1019.8277998263484
2024-10-01 11:40:25.677797,26.898510429645764,57.42999781213778,1036.796979559119
2024-10-01 11:40:26.677797,24.147310761160064,43.321298365289024,1022.994222377176
2024-10-01 11:40:27.677797,19.9459567963493,56.71376861112604,1018.8219045100892
2024-10-01 11:40:28.677797,23.66242564421881,57.07362703364584,1023.4768041963658
2024-10-01 11:40:29.677797,19.988774332494515,47.4914548251162,1007.770955976066
2024-10-01 11:40:30.677797,25.497096941292263,57.47265355636004,1010.6985686093774
2024-10-01 11:40:31.677797,27.939119707001616,53.233139285284174,1017.5239046476828
2024-10-01 11:40:32.677797,23.24909351472308,56.23065016542025,1000.2960234796448
2024-10-01 11:40:33.677797,28.17766779900244,47.22993064026938,1010.3955563777524
2024-10-01 11:40:34.677797,28.184835580984736,37.91895760383722,1017.7728239372202
2024-10-01 11:40:35.677797,24.75020638712724,57.98915661341582,1008.6225500468094
2024-10-01 11:40:36.677797,26.647713339842497,43.513272030172345,1017.5193678799892
2024-10-01 11:40:37.677797,23.713458360638622,45.52276806378458,1019.779369223582
2024-10-01 11:40:38.677797,24.63993065063427,60.824260329898166,1021.4717181387016
2024-10-01 11:40:39.677797,30.72189527563189,51.93475846049435,999.4971448071948
2024-10-01 11:40:40.677797,26.3519050626654,45.82500007006551,1011.0916296348304
2024-10-01 11:40:41.677797,26.589850937059737,52.21132193452479,1012.015295266202
2024-10-01 11:40:42.677797,24.176855328299467,47.5476849798748,1026.0980418125062
2024-10-01 11:40:43.677797,24.324541279681306,43.62832219321131,1020.8869225149969
2024-10-01 11:40:44.677797,25.3065671318399,58.75060233521376,1017.2712820762142
2024-10-01 11:40:45.677797,25.849371629502457,46.33136613512966,1025.3760148233291
2024-10-01 11:40:46.677797,24.276750310357453,52.73299450843089,1000.145829813457
2024-10-01 11:40:47.677797,25.48476479092554,49.15979649486919,1013.7769319657232
2024-10-01 11:40:48.677797,22.5302920515072,43.57996762873412,1010.2336581542344
2024-10-01 11:40:49.677797,24.782159686222847,51.77003745263686,1014.8552724615324
2024-10-01 11:40:50.677797,20.11010876038827,53.863023244040505,1014.6900651110112
2024-10-01 11:40:51.677797,22.104527700488823,50.9627565876183,1006.022989679964
2024-10-01 11:40:52.677797,23.316816096932527,53.91707518174815,1016.4163221366548
2024-10-01 11:40:53.677797,24.95271057550657,44.2307123650012,1021.3488492236728
2024-10-01 11:40:54.677797,24.115347147471944,45.12312176377814,1007.4214557660556
2024-10-01 11:40:55.677797,28.20542794057932,44.79586744332937,1013.5180734928296
2024-10-01 11:40:56.677797,28.323430497057387,48.42212759212144,1030.4310400115992
2024-10-01 11:40:57.677797,27.68754206621507,48.74872402120266,1021.6042227015836
2024-10-01 11:40:58.677797,26.76058739827792,53.828112059987824,1004.3155705781812
2024-10-01 11:40:59.677797,25.0700362391115,53.6033299886881,1019.4027266230592
2024-10-01 11:41:00.677797,27.34747679486668,48.37236957345608,1024.6394479680582
2024-10-01 11:41:01.677797,24.066313196138463,49.14622994405161,1000.8932379427372
2024-10-01 11:41:02.677797,24.24574046924044,49.21003996870965,1012.8800530853972
2024-10-01 11:41:03.677797,26.65349644700774,42.54088707704047,1037.0052044407264
2024-10-01 11:41:04.677797,23.53140417233892,46.551147716139184,1004.1651235268532
2024-10-01 11:41:05.677797,25.71461312338,50.4369767463536,1001.3129938021252
2024-10-01 11:41:06.677797,23.91888020067008,48.67071976134434,1027.8106781283427
2024-10-01 11:41:07.677797,25.671484262826347,45.29583388089702,1014.2222594800212
2024-10-01 11:41:08.677797,25.592396846563013,50.8913088280722,1005.7558945943134
2024-10-01 11:41:09.677797,21.065413697466543,59.915367293877296,999.3312851471298
2024-10-01 11:41:10.677797,22.776457118018456,48.18828074272523,1023.0207546576996
2024-10-01 11:41:11.677797,27.56077823580182,45.05543406561849,995.6008981973016
2024-10-01 11:41:12.677797,25.01932660882201,54.107694963083645,1032.3567911576706
2024-10-01 11:41:13.677797,30.031697854142276,51.0851052615262,1010.761128607402
2024-10-01 11:41:14.677797,26.695789521529665,58.39650163244848,1010.8543307627432
2024-10-01 11:41:15.677797,23.37838742745337,57.70707134047378,1025.2197062226078
2024-10-01 11:41:16.677797,26.155617114319345,51.72074884031775,1024.0709269898614
2024-10-01 11:41:17.677797,26.24647305588033,52.552644826875785,1023.3348842042568
2024-10-01 11:41:18.677797,25.84410506143748,49.49165488312199,1034.3073114607562
2024-10-01 11:41:19.677797,24.445048373620278,46.21346028715935,1028.2160798922532
2024-10-01 11:41:20.677797,24.67770678057394,52.709798361445465,1014.1710733062764
2024-10-01 11:41:21.677797,27.14916393619504,48.16649636662105,1018.7399804626148
2024-10-01 11:41:22.677797,26.23248819069171,48.84993899909478,1009.1730400217856
2024-10-01 11:41:23.677797,24.181249128486723,53.01474739307888,1007.4102381760804
2024-10-01 11:41:24.677797,25.869603577917957,49.43335776029354,1014.0148921509932
2024-10-01 11:41:25.677797,25.8538034865433,43.06015740516452,997.5647645378908
2024-10-01 11:41:26.677797,24.28632098088902,48.270203562181926,997.4659162755228
2024-10-01 11:41:27.677797,22.50642699653016,47.71417928158348,1034.7196920617173
2024-10-01 11:41:28.677797,24.839178792152985,50.97407645578869,1008.6297054584398
2024-10-01 11:41:29.677797,24.551669362006912,60.233355499071045,995.1404172855842
2024-10-01 11:41:30.677797,22.709532168798887,51.68972154347019,1016.8314902657818
2024-10-01 11:41:31.677797,23.74417326530832,58.943179938714536,1015.4199042867026
2024-10-01 11:41:32.677797,28.29013479588849,50.70068921874966,1006.8962305395418
2024-10-01 11:41:33.677797,23.586401856543414,48.86672050092326,1005.3576741154328
2024-10-01 11:41:34.677797,24.513836507326168,47.83360098286176,1008.7454356699086
2024-10-01 11:41:35.677797,20.88423963493932,62.35743902802108,1012.2696216669036
2024-10-01 11:41:36.677797,24.160809481398992,42.64170221595715,1007.1342639411836
2024-10-01 11:41:37.677797,24.68833281584007,48.89590629613016,1007.3981270716314
2024-10-01 11:41:38.677797,28.7552689740891,46.16691747483351,1001.7233177316516
2024-10-01 11:41:39.677797,27.862191501145517,56.99934973225959,1011.1797865764285
2024-10-01 11:41:40.677797,24.27047316149144,48.4713340530541,999.1727281761774
2024-10-01 11:41:41.677797,24.43930855063677,39.96620424217798,1004.3253275397568
2024-10-01 11:41:42.677797,23.857331642374632,52.44321359237688,1014.6339755276924
2024-10-01 11:41:43.677797,23.848580499873545,49.001900161288624,1024.3288049402845
2024-10-01 11:41:44.677797,26.275466880018683,43.92606731781352,1004.1895740704028
2024-10-01 11:41:45.677797,27.169883087550254,43.24657303797214,997.5711828728666
2024-10-01 11:41:46.677797,24.95425802622389,46.97249403229818,1002.2165190530612
2024-10-01 11:41:47.677797,24.69641658473217,52.93164943048011,1014.6426105527996
2024-10-01 11:41:48.677797,22.796027125033504,47.426145992008,1020.4573016581304
2024-10-01 11:41:49.677797,25.59813617454806,43.55324984532188,1021.2525195130444
2024-10-01 11:41:50.677797,28.80150452409126,53.20459837126808,1023.7447832468335
2024-10-01 11:41:51.677797,23.298153689304968,48.27476213370952,1021.0070098431906
2024-10-01 11:41:52.677797,26.184571392568472,50.50488022532739,1016.8415582917444
2024-10-01 11:41:53.677797,26.397564559882294,45.979368845232585,1005.1285285615608
2024-10-01 11:41:54.677797,24.496751116467685,61.47999359413912,1016.2168420636584
2024-10-01 11:41:55.677797,23.783454766828186,49.45558040905698,993.9438231105792
2024-10-01 11:41:56.677797,24.1392174824649,56.16125953000477,1008.4478933767132
2024-10-01 11:41:57.677797,27.02296890400786,52.67830476419447,1026.4082889559654
2024-10-01 11:41:58.677797,22.5735852549136,58.06008615233402,1014.4866985913808
2024-10-01 11:41:59.677797,22.58269005035476,51.57189049589447,1013.138752311403
2024-10-01 11:42:00.677797,23.52502960573557,45.05500424900082,1029.6278274681208
2024-10-01 11:42:01.677797,24.459377101038697,47.588890051697895,1018.8704799858206
2024-10-01 11:42:02.677797,24.947847780589537,59.02852430933077,1039.979577660144
2024-10-01 11:42:03.677797,24.435304758134127,51.667011434042806,1002.5501928199482
2024-10-01 11:42:04.677797,24.690403902156906,50.222354544191184,1016.0066748121365
2024-10-01 11:42:05.677797,27.51652555937485,48.888792312508,1012.0290866972492
2024-10-01 11:42:06.677797,23.30319357016153,43.300965533779234,1002.6742352040646
2024-10-01 11:42:07.677797,28.52844407029315,45.3437654253294,1016.7338491834976
2024-10-01 11:42:08.677797,24.558104514506475,49.251960647550135,1004.1178894370212
2024-10-01 11:42:09.677797,26.39315941709695,51.67108232291353,1013.16229202646
2024-10-01 11:42:10.677797,25.302816786846734,51.417887835725104,997.167341703862
2024-10-01 11:42:11.677797,25.429813956084782,53.54027416974571,1021.2857548490808
2024-10-01 11:42:12.677797,25.370590470427015,47.27671100308223,1019.8888467825494
2024-10-01 11:42:13.677797,20.90800968113603,56.42307340723183,1021.2687399103442
2024-10-01 11:42:14.677797,23.25567508175972,48.27799087247205,1019.1156021792804
2024-10-01 11:42:15.677797,24.353012734216144,53.01122472808373,1013.8695628180508
2024-10-01 11:42:16.677797,21.962150435879703,59.670913843433325,1017.7867651904776
2024-10-01 11:42:17.677797,23.443245522566947,43.728209105061936,1027.2566165751448
2024-10-01 11:42:18.677797,25.60476699068169,55.33138796616406,1004.7619678269406
2024-10-01 11:42:19.677797,23.712158567322465,54.08106197353131,1017.1344284404884
2024-10-01 11:42:20.677797,25.235068971834245,48.85273726315545,1005.673056602902
2024-10-01 11:42:21.677797,26.37277881204476,44.96117180071511,1033.324341657046
2024-10-01 11:42:22.677797,28.15691402061225,48.25200818613161,1014.2400649833772
2024-10-01 11:42:23.677797,25.775251928813358,45.07338883388477,1003.3313653186904
2024-10-01 11:42:24.677797,24.640332933568683,58.24068663380862,1019.2401637297676
2024-10-01 11:42:25.677797,24.32272792759384,55.70462929666088,994.718428691204
2024-10-01 11:42:26.677797,27.43794686814974,52.77163619218322,1005.5678665863992
2024-10-01 11:42:27.677797,26.12481637609078,47.50592326356516,1010.874939071916
2024-10-01 11:42:28.677797,22.70783500996663,48.35872520978508,1025.7231786389784
2024-10-01 11:42:29.677797,24.326807654679456,47.64309951814468,1024.6827580348129
2024-10-01 11:42:30.677797,27.35962433912772,49.86103283193408,1005.7211158593736
2024-10-01 11:42:31.677797,24.54047370676489,50.051428657907095,1015.4197625845604
2024-10-01 11:42:32.677797,26.58005197775025,52.627675530708686,1019.5207720898798
2024-10-01 11:42:33.677797,28.04502379563544,54.1504927145614,1013.69621317577
2024-10-01 11:42:34.677797,25.499756994210312,54.96215447906657,1021.50917904916
2024-10-01 11:42:35.677797,26.50803913719426,49.29136548144528,1007.3878558757652
2024-10-01 11:42:36.677797,26.855873097134687,51.04777181891487,1018.0700207882596
2024-10-01 11:42:37.677797,25.178069240835125,49.31524649804614,1003.1111292958948
2024-10-01 11:42:38.677797,20.791549683908272,46.28292727136573,1015.7590953179885
2024-10-01 11:42:39.677797,24.432567606497976,47.167103314483086,1011.2900410007924
2024-10-01 11:42:40.677797,25.10398677956059,54.38664567216445,1012.7905736677668
2024-10-01 11:42:41.677797,23.428957838431103,59.458932916186406,1013.807316367936
2024-10-01 11:42:42.677797,23.188713759072105,55.52286297970343,1000.7847582622225
2024-10-01 11:42:43.677797,24.69168655849526,46.552609646598576,994.653630992568
2024-10-01 11:42:44.677797,23.37934231170537,51.505388942475165,1008.3727702963272
2024-10-01 11:42:45.677797,23.99788394634305,52.55927605353016,1005.2646819281454
2024-10-01 11:42:46.677797,26.224105325964448,47.7884912356506,1020.8519793767858
2024-10-01 11:42:47.677797,25.40624145133766,52.06355885719684,1025.3698605389636
2024-10-01 11:42:48.677797,24.4362218003315,49.94744804554372,1021.325227770525
2024-10-01 11:42:49.677797,26.197537502873157,53.93550376040226,996.703190513746
2024-10-01 11:42:50.677797,23.00575978475078,58.7221908699633,1033.063271613313
2024-10-01 11:42:51.677797,23.20259030128164,54.82977202731561,1011.935975708248
2024-10-01 11:42:52.677797,24.87209170353037,50.63242717931451,1007.1965327259874
2024-10-01 11:42:53.677797,25.825855172511737,60.30224325014423,1007.2777212456184
2024-10-01 11:42:54.677797,24.876274745410885,50.46692982878918,1022.9522748417044
2024-10-01 11:42:55.677797,22.66904362557426,48.01980257152172,1012.6448354686152
2024-10-01 11:42:56.677797,21.547596965152337,52.55482101947959,1022.4648675141384
2024-10-01 11:42:57.677797,27.82778677619311,49.80451815864731,1028.7247760689756
2024-10-01 11:42:58.677797,25.779972519843827,50.47924163499255,1007.4845052493318
2024-10-01 11:42:59.677797,23.34319875347241,47.17391469080837,1010.1141287187368
2024-10-01 11:43:00.677797,26.69571474844604,57.30555270544444,1014.058165163543
2024-10-01 11:43:01.677797,25.504008634237398,46.91709461702802,1006.114022851182
2024-10-01 11:43:02.677797,27.194026714795086,56.7333560190544,1014.6676771796102
2024-10-01 11:43:03.677797,21.4185933346351,55.7507527875912,1014.6795091896488
2024-10-01 11:43:04.677797,22.993191583744007,49.529184641076256,1012.5561321730931
2024-10-01 11:43:05.677797,25.48694390363308,49.35517051669694,1014.2433941190574
2024-10-01 11:43:06.677797,23.507755765204564,58.83387961047555,1002.1486627327322
2024-10-01 11:43:07.677797,22.159740757845167,53.13039422769834,1010.81577971394
2024-10-01 11:43:08.677797,29.22085439452407,59.319536768369865,1015.9745700330844
2024-10-01 11:43:09.677797,23.459581339978296,51.70966790962839,1011.6959454206552
2024-10-01 11:43:10.677797,25.673528393296134,54.70373304244284,1014.4478804843558
2024-10-01 11:43:11.677797,23.381513631520438,46.6097602961046,1018.7062622449832
2024-10-01 11:43:12.677797,26.428630238596284,51.93550534538114,1039.723033216135
2024-10-01 11:43:13.677797,24.312317279216494,54.8821061903518,1006.2397286131496
2024-10-01 11:43:14.677797,29.396079854809912,49.73489307598678,1013.0824430502714
2024-10-01 11:43:15.677797,25.55052758083075,38.98749397580025,1021.5233831931224
2024-10-01 11:43:16.677797,26.65931183683658,43.118687696651286,1012.5518161556062
2024-10-01 11:43:17.677797,28.14474734216514,51.99891390615095,1020.7898064654712
2024-10-01 11:43:18.677797,28.38783496985668,49.295060601785856,1002.6963134676698
2024-10-01 11:43:19.677797,24.639914656493545,46.38641091479988,1011.7565540211876
2024-10-01 11:43:20.677797,27.342463665360672,57.17817155672901,1036.9874221332204
2024-10-01 11:43:21.677797,24.586112873465773,53.53719675754223,1024.690187493763
2024-10-01 11:43:22.677797,26.604220506664625,47.753498682015845,1015.7725298709702
2024-10-01 11:43:23.677797,23.8289769488908,54.64773811788744,1017.6215662349751
2024-10-01 11:43:24.677797,25.450314317027303,55.02111002892499,1023.2904757721182
2024-10-01 11:43:25.677797,24.531849971807976,48.6323515389189,1012.12872740345
2024-10-01 11:43:26.677797,24.679534705198684,44.9531802283804,1011.3625093322288
2024-10-01 11:43:27.677797,25.114006890054625,58.72561757577209,1022.3119560363214
2024-10-01 11:43:28.677797,26.37667067734405,48.45431227540745,1028.382235165408
2024-10-01 11:43:29.677797,22.293469139510965,49.21011158430152,1026.963256644517
2024-10-01 11:43:30.677797,27.262247670752284,47.05260549320938,1001.4505965768036
2024-10-01 11:43:31.677797,25.405091494362058,45.506131622885206,1016.877916006728
2024-10-01 11:43:32.677797,22.82629404169304,55.21936810359249,1001.4603785756236
2024-10-01 11:43:33.677797,26.25146825398781,50.55042813892731,994.7925612199988
2024-10-01 11:43:34.677797,24.53443427349408,51.39645011001664,1020.0127082820446
2024-10-01 11:43:35.677797,24.316780277606668,49.84016937804312,1008.8547067679556
2024-10-01 11:43:36.677797,24.082104810161503,52.04760364119584,1011.6789307655316
2024-10-01 11:43:37.677797,24.952700374096796,55.719975560133776,1003.6831128448374
2024-10-01 11:43:38.677797,26.24690219219448,42.6805053040677,1019.4865756517216
2024-10-01 11:43:39.677797,22.80224943824033,54.258457872380745,1033.2143659477629
2024-10-01 11:43:40.677797,24.448145575472044,44.57288706858821,1018.1471272449844
2024-10-01 11:43:41.677797,25.130666337949293,48.87888102981184,1028.8665096773475
2024-10-01 11:43:42.677797,24.775382820767256,51.49805007674407,992.115525798101
2024-10-01 11:43:43.677797,27.021615679596568,54.81264186620781,1012.2533987944076
2024-10-01 11:43:44.677797,22.763043538780416,50.187984335717246,1023.1577879271168
2024-10-01 11:43:45.677797,25.816500642524595,53.1291052357002,999.3630911977176
2024-10-01 11:43:46.677797,25.059923654572582,49.7899283720149,1027.5757921130278
2024-10-01 11:43:47.677797,24.943224986844097,46.2298812743267,1015.4820046447742
2024-10-01 11:43:48.677797,22.77076180567869,50.70497333252978,1019.3993924424173
2024-10-01 11:43:49.677797,22.62083686003553,43.66378590023878,1022.1056345189296
2024-10-01 11:43:50.677797,26.313814941732723,49.52475297176637,999.6911313542612
2024-10-01 11:43:51.677797,24.79802255603089,39.60423440922056,997.9676560954669
2024-10-01 11:43:52.677797,24.749165969452644,49.70247542307646,1021.6062835772024
2024-10-01 11:43:53.677797,24.244965081152653,49.700513400768855,1010.663464463108
2024-10-01 11:43:54.677797,27.146285207111625,59.212782407350375,994.7646165782166
2024-10-01 11:43:55.677797,23.611785174290038,56.00094589398326,1008.1299342415734
2024-10-01 11:43:56.677797,25.86170519500734,61.32039839347643,1010.26205965507
2024-10-01 11:43:57.677797,28.33706402747273,42.67983024563048,989.2286174620644
2024-10-01 11:43:58.677797,20.640312430861577,50.0015625132304,1015.2257497050108
2024-10-01 11:43:59.677797,24.560153878011164,48.801985990292486,1000.4356815153694
2024-10-01 11:44:00.677797,26.32423116768253,51.42138822361347,1016.8033215850112
2024-10-01 11:44:01.677797,27.7748415116638,55.85238419172354,1030.7008975484075
2024-10-01 11:44:02.677797,25.234131062678298,40.16547567707836,996.9786087759989
2024-10-01 11:44:03.677797,26.880224535647194,56.02711825883266,1013.8336957270149
2024-10-01 11:44:04.677797,21.164262416271608,48.21124549164248,1014.4252363457514
2024-10-01 11:44:05.677797,26.496650547268796,44.27653625134436,1011.4745819037786
2024-10-01 11:44:06.677797,21.88751785852261,38.79846417878212,1009.786525854224
2024-10-01 11:44:07.677797,25.21245252008147,48.96351957102841,1005.3448067527758
2024-10-01 11:44:08.677797,23.324724391231907,52.90481459490286,1033.0729202334055
2024-10-01 11:44:09.677797,25.570141394797627,50.57176885115855,991.9106409803984
2024-10-01 11:44:10.677797,26.938204409664536,44.35184876763307,1032.9705613831004
2024-10-01 11:44:11.677797,24.03516811685537,46.37685482852383,1024.5997328039236
2024-10-01 11:44:12.677797,25.58247825041274,51.7977757011653,1024.7775363483388
2024-10-01 11:44:13.677797,23.523349513014495,45.645624405872674,1018.9181902431902
2024-10-01 11:44:14.677797,22.77566575472973,58.51278862768961,1026.8540400035984
2024-10-01 11:44:15.677797,24.50156806359073,45.56247605412122,1025.4274334183908
2024-10-01 11:44:16.677797,26.637607457427404,57.67501442423326,1021.891179975737
2024-10-01 11:44:17.677797,23.92337634959283,51.079870061642026,1012.0736389558213
2024-10-01 11:44:18.677797,25.91567676210837,49.59244386520748,1028.823750423347
2024-10-01 11:44:19.677797,26.89822529341834,51.79387691715013,989.8412463627122
2024-10-01 11:44:20.677797,29.56885060244793,55.577420939176285,990.0427843513102
2024-10-01 11:44:21.677797,22.174048579833936,55.36529465025158,1017.3906512893328
2024-10-01 11:44:22.677797,21.82305562400904,51.72083670378885,1009.6867701245894
2024-10-01 11:44:23.677797,25.667509510430065,49.0335119980028,1012.667022324286
2024-10-01 11:44:24.677797,23.071506531700543,54.43832196280732,1014.6741830483962
2024-10-01 11:44:25.677797,21.08991841950924,53.7349035083692,1008.2464813314627
2024-10-01 11:44:26.677797,24.87096138027169,49.422269280340366,1004.4512715435358
2024-10-01 11:44:27.677797,24.33493576935428,58.45905627745231,1032.460528050074
2024-10-01 11:44:28.677797,24.3936965496384,46.25124799087396,1025.8864860846627
2024-10-01 11:44:29.677797,26.22023576773267,50.57064421354527,1002.1262705566452
2024-10-01 11:44:30.677797,25.38261190758457,50.19436140837309,1022.9338888067322
2024-10-01 11:44:31.677797,25.099286565916696,45.79365182171697,1006.2247574133164
2024-10-01 11:44:32.677797,24.435490189744925,50.32473108453839,986.8782764825836
2024-10-01 11:44:33.677797,23.894810899521453,58.3487938345623,1034.445310499296
2024-10-01 11:44:34.677797,22.755512191041127,45.54435620531814,1007.0750917318863
2024-10-01 11:44:35.677797,25.049160421671587,51.20278954952225,1022.4333842710312
2024-10-01 11:44:36.677797,23.83748676475076,56.8777214269709,1022.9058734183257
2024-10-01 11:44:37.677797,23.508852299455206,54.51553756672709,1008.3616444683086
2024-10-01 11:44:38.677797,25.869239645788223,55.19429583381197,1008.7480359188884
2024-10-01 11:44:39.677797,23.032648903276776,45.975977020410426,1018.1195478828852
2024-10-01 11:44:40.677797,26.10146281294144,44.80451301826915,995.7790262725674
2024-10-01 11:44:41.677797,29.351772316892514,50.33175565397786,1010.8255741394606
2024-10-01 11:44:42.677797,22.091225331513883,41.92048340749725,1008.2185501454852
2024-10-01 11:44:43.677797,22.69080541070357,41.08249800562577,1025.953137496406
2024-10-01 11:44:44.677797,26.17792267130272,49.65161069334732,1028.6986173985315
2024-10-01 11:44:45.677797,25.029101303817445,47.65552053845298,1019.359102159403
2024-10-01 11:44:46.677797,22.40267081116092,41.88240396305603,1015.7541700902608
2024-10-01 11:44:47.677797,25.104362589027964,54.96160503750124,1016.2512302611632
2024-10-01 11:44:48.677797,27.11782653049619,52.37479545643921,1016.9151954727388
2024-10-01 11:44:49.677797,26.52415242682043,51.343176893293965,1034.9795309764804
2024-10-01 11:44:50.677797,25.23161721449221,42.67098862285317,1005.02577570965
2024-10-01 11:44:51.677797,25.95639574679741,52.70601244513768,1030.3367878558015
2024-10-01 11:44:52.677797,22.4384759306881,48.16286541921424,1009.1508222949756
2024-10-01 11:44:53.677797,26.899093259086797,38.18451358400239,998.395682238634
2024-10-01 11:44:54.677797,24.567720904819275,56.79534356615508,1022.0108557792652
2024-10-01 11:44:55.677797,26.437214951108285,48.822178614347074,1020.572802880381
2024-10-01 11:44:56.677797,21.212796852320203,42.91473633628197,996.4552639796492
2024-10-01 11:44:57.677797,23.272889790120555,41.67824804839351,1021.562936840888
2024-10-01 11:44:58.677797,27.517225701237948,52.106201544171824,1026.8998827226933
2024-10-01 11:44:59.677797,27.08094072220532,55.71406392685017,1012.6561158057548
2024-10-01 11:45:00.677797,21.153691015403755,43.47563811744233,1006.813104449241
2024-10-01 11:45:01.677797,25.77686175464025,52.20318170695945,1038.710416264949
2024-10-01 11:45:02.677797,22.39305320462092,50.27544820553256,1021.9799606707654
2024-10-01 11:45:03.677797,23.44267232496445,51.58355828781624,1029.562550144232
2024-10-01 11:45:04.677797,22.71041380872808,54.860171172653104,1005.5944006990288
2024-10-01 11:45:05.677797,22.99051322256817,47.56885122446148,1023.4123309274704
2024-10-01 11:45:06.677797,22.780384511042943,42.61663739996864,998.0848080015776
2024-10-01 11:45:07.677797,23.337800896210265,47.69757345018685,1003.0354258991372
2024-10-01 11:45:08.677797,25.72784825684403,56.4232526623265,1010.3969540052238
2024-10-01 11:45:09.677797,22.19143691801965,51.05259952723797,1007.5707543350916
2024-10-01 11:45:10.677797,23.77821453810022,57.724290788785055,1025.1351772674072
2024-10-01 11:45:11.677797,23.846213556341464,43.82950514061957,1019.0350254175032
2024-10-01 11:45:12.677797,28.149535362964244,44.08056999894029,991.6964461655646
2024-10-01 11:45:13.677797,25.66367325953474,47.88831311628259,1014.0943820040412
2024-10-01 11:45:14.677797,24.48785251270304,50.35088938305313,1005.1930926998442
2024-10-01 11:45:15.677797,26.716614744247583,45.70887994072628,1021.8779065086292
2024-10-01 11:45:16.677797,25.525254343187548,45.34415395741422,1008.5845035932028
2024-10-01 11:45:17.677797,25.486699259131328,49.852232560674366,1011.037346493192
2024-10-01 11:45:18.677797,24.041293093046097,53.12853719628647,1000.18732101355
2024-10-01 11:45:19.677797,20.397985371727863,48.20197872797897,1003.2686281112404
2024-10-01 11:45:20.677797,26.038561524101617,44.23017201974515,1021.008777137319
2024-10-01 11:45:21.677797,23.81571765723368,47.83479088920171,1015.2141006455948
2024-10-01 11:45:22.677797,27.869724956715693,54.39361248083876,1030.6938986032828
2024-10-01 11:45:23.677797,23.497191007068025,33.59657708450364,1045.359174535952
2024-10-01 11:45:24.677797,23.87342046342268,55.41433625158081,1014.6563114130682
2024-10-01 11:45:25.677797,27.66539881995708,48.32709615919882,1018.3207854000152
2024-10-01 11:45:26.677797,22.65301974188486,52.363432442415416,1019.3191680759568
2024-10-01 11:45:27.677797,24.46321425306184,44.49222793038992,1009.8471375107308
2024-10-01 11:45:28.677797,27.967197503012542,57.93725534172869,1005.1360558818722
2024-10-01 11:45:29.677797,24.738784942776583,55.93170717634397,1006.85572516405
2024-10-01 11:45:30.677797,22.290159921163937,50.52835050518564,1019.5610328553004
2024-10-01 11:45:31.677797,24.774375598977603,49.84328159759322,994.001564544806
2024-10-01 11:45:32.677797,22.8330976675538,52.94155447457792,1026.4356341652465
2024-10-01 11:45:33.677797,29.956067485389006,55.943738963509496,1015.5720651434024
2024-10-01 11:45:34.677797,21.754740308691357,47.5737312667489,1002.9606153526698
2024-10-01 11:45:35.677797,24.216922326021383,51.24943700670695,1014.102151875198
2024-10-01 11:45:36.677797,23.243896516320685,47.66032133308416,1001.3901436097124
2024-10-01 11:45:37.677797,27.011821361125264,41.91646277359988,1015.230986144112
2024-10-01 11:45:38.677797,26.435155939018344,57.42489136448111,1035.1125172242064
2024-10-01 11:45:39.677797,24.66793910306135,53.39578769931441,1013.6811867969044
2024-10-01 11:45:40.677797,22.335893272931383,51.93754826378795,1013.8323350127474
2024-10-01 11:45:41.677797,23.871620776700247,51.20204672344236,1011.6597068302804
2024-10-01 11:45:42.677797,27.66737455780948,47.943436848091466,1022.5357018173574
2024-10-01 11:45:43.677797,24.18256556458088,43.06188098341415,1028.91655316599
2024-10-01 11:45:44.677797,27.801699695903647,48.354903366261695,995.4429038995282
2024-10-01 11:45:45.677797,25.87554637688641,55.12947102537972,1019.1379744504428
2024-10-01 11:45:46.677797,21.453762909083625,53.54403763289014,1026.2263503229167
2024-10-01 11:45:47.677797,23.544626628384734,48.20395849578241,1032.5550111976836
2024-10-01 11:45:48.677797,26.08255597669909,45.67000361968038,1008.6280170799876
2024-10-01 11:45:49.677797,22.38505900289213,48.98426912407064,1012.5983666516104
2024-10-01 11:45:50.677797,20.772444194939887,50.41921694572391,1002.759118099159
2024-10-01 11:45:51.677797,23.94537413023536,47.839591711003486,1010.6316922195628
2024-10-01 11:45:52.677797,24.659210507188195,47.6584524403039,1003.367139624987
2024-10-01 11:45:53.677797,21.21518718123057,50.50346123120273,1015.2261096091604
2024-10-01 11:45:54.677797,22.17091881050024,50.99021115478367,1016.2832588944942
2024-10-01 11:45:55.677797,23.28942933926044,53.30100183161396,1005.1169501599168
2024-10-01 11:45:56.677797,29.0553250390346,52.71885100786224,1008.697912601192
2024-10-01 11:45:57.677797,23.929506007788675,45.30276934115069,995.413827981282
2024-10-01 11:45:58.677797,27.006482029854443,56.667519005519424,1000.6460339713456
2024-10-01 11:45:59.677797,23.168248885707943,46.52782623121335,1006.885395622846
2024-10-01 11:46:00.677797,22.588649427165542,54.885554128694565,1013.1375174241492
2024-10-01 11:46:01.677797,22.099379841910025,44.13400174341259,998.3228858478474
2024-10-01 11:46:02.677797,23.885092336402632,44.929585560876,989.92139789001
2024-10-01 11:46:03.677797,26.167161215205947,49.41482335916673,1002.8899709392564
2024-10-01 11:46:04.677797,22.501424487501478,51.79428011760847,995.4742258549036
2024-10-01 11:46:05.677797,27.26491433825867,49.4972537325659,1032.094934780146
2024-10-01 11:46:06.677797,26.90404422716647,50.302176572224425,1018.5417855981868
2024-10-01 11:46:07.677797,24.33538087356073,51.883371012028434,1013.8845177418012
2024-10-01 11:46:08.677797,25.87394396444825,53.12827673864409,1003.6391801184054
2024-10-01 11:46:09.677797,23.709795959104827,47.30627521898931,1011.5378141786788
2024-10-01 11:46:10.677797,24.366094899443983,48.09802168013806,1004.68603647026
2024-10-01 11:46:11.677797,23.931389985725083,50.5985170569073,1005.3144058921332
2024-10-01 11:46:12.677797,26.767348034248744,60.56469812196517,1016.2304462252416
2024-10-01 11:46:13.677797,21.19375716377777,64.38471227772288,1031.4988140833332
2024-10-01 11:46:14.677797,24.87717513257453,46.62437499000108,1027.3941109017974
2024-10-01 11:46:15.677797,22.322665148303987,49.55150584478282,1023.3393372864954
2024-10-01 11:46:16.677797,26.211394389659272,51.45754841329441,1019.3049652362118
2024-10-01 11:46:17.677797,16.116499825908768,54.43723584865452,1004.5425589512332
2024-10-01 11:46:18.677797,27.0103353439184,50.55559795148577,1030.921048806537
2024-10-01 11:46:19.677797,24.694039272763405,47.51927409625677,1019.6369334646696
2024-10-01 11:46:20.677797,25.339776935806185,40.75124646694289,1014.6398149089106
2024-10-01 11:46:21.677797,24.25122442959124,50.33886754590512,1022.306365672022
2024-10-01 11:46:22.677797,25.12833713649696,39.24740432865088,1001.4918085091684
2024-10-01 11:46:23.677797,21.33263417620626,46.60974721844609,999.7184232083896
2024-10-01 11:46:24.677797,24.042091617139462,47.50073797081286,1008.0713124755396
2024-10-01 11:46:25.677797,25.68181357732503,38.34738532721469,1004.2527893798056
2024-10-01 11:46:26.677797,25.865914206129005,44.302826234999415,1011.1316536980892
2024-10-01 11:46:27.677797,26.67025345018001,47.707120572860575,1008.783394937424
2024-10-01 11:46:28.677797,24.55367961290204,56.17443990800415,985.860123615602
2024-10-01 11:46:29.677797,25.444262814822025,67.57269212737755,1022.457268910482
2024-10-01 11:46:30.677797,26.834654986222155,42.80648794354973,1012.9354127749182
2024-10-01 11:46:31.677797,26.46075248761389,53.32993239084283,1003.6694533139746
2024-10-01 11:46:32.677797,25.0231833874933,50.62397004136782,1012.6219999337436
2024-10-01 11:46:33.677797,27.672979403278912,41.75592222860692,1022.9871015903948
2024-10-01 11:46:34.677797,26.63281786458944,49.02871740776386,1010.045380516294
2024-10-01 11:46:35.677797,27.94367424142684,53.07729107543425,1012.3313154575284
2024-10-01 11:46:36.677797,24.616919980546847,53.0796773471286,1016.9613968125688
2024-10-01 11:46:37.677797,25.34673796282261,47.15659396882487,1011.0126623483284
2024-10-01 11:46:38.677797,27.390808617730016,48.84915534765987,1013.3441959226697
2024-10-01 11:46:39.677797,25.052433096081973,50.10557475852092,1016.8741024104628
2024-10-01 11:46:40.677797,23.26117472645406,55.45531900868434,1029.5585762500905
2024-10-01 11:46:41.677797,25.642430158684903,54.14331728684806,1010.1045110019224
2024-10-01 11:46:42.677797,21.47409207367801,55.2015750630045,1015.2411844379616
2024-10-01 11:46:43.677797,21.16977675355021,52.856330340031775,1011.2621163520104
2024-10-01 11:46:44.677797,25.0648787513103,50.92014410296331,1011.180557420146
2024-10-01 11:46:45.677797,22.7652524633587,41.40580392205076,1010.9747647267186
2024-10-01 11:46:46.677797,25.449646151235434,43.974638955432496,1016.8925546397176
2024-10-01 11:46:47.677797,28.48337600493375,51.10624503403555,1007.265718119344
2024-10-01 11:46:48.677797,24.387788555689987,44.18316097921317,1008.7798386239136
2024-10-01 11:46:49.677797,24.845252052374267,43.38628649803828,1016.917374295601
2024-10-01 11:46:50.677797,24.122492016657144,50.34457529312044,1017.0363724428254
2024-10-01 11:46:51.677797,23.967791861551795,52.0111450168929,1006.5570067735468
2024-10-01 11:46:52.677797,28.38349221371227,55.78192588102038,1008.2728338749176
2024-10-01 11:46:53.677797,24.143622888728597,58.13775022370435,1014.511267653212
2024-10-01 11:46:54.677797,22.902662964905808,49.054323727282224,1014.6077511167084
2024-10-01 11:46:55.677797,29.617524129438728,55.48781051614027,1029.3669711040786
2024-10-01 11:46:56.677797,28.037293270487044,42.80788721767471,1029.0829957252554
2024-10-01 11:46:57.677797,26.426570066483382,48.84215336548713,1006.6523250080422
2024-10-01 11:46:58.677797,25.14632635208139,54.55196260804805,999.3396419602216
2024-10-01 11:46:59.677797,23.41645487472772,48.54095011262263,1014.7358535285604
2024-10-01 11:47:00.677797,26.08762723365054,54.07218939529771,1027.8642609301694
2024-10-01 11:47:01.677797,27.0894391695794,50.10833869092327,1019.8026911298972
2024-10-01 11:47:02.677797,22.99007695158333,45.0875499712487,1018.264738158132
2024-10-01 11:47:03.677797,22.44138685810212,47.530527276907286,1004.262052979228
2024-10-01 11:47:04.677797,24.661035225440877,46.170426304755736,1020.16440901596
2024-10-01 11:47:05.677797,24.520056186906974,49.632690333449055,1005.0463288160912
2024-10-01 11:47:06.677797,24.436124895340733,55.53050086323479,1001.7570426131188
2024-10-01 11:47:07.677797,22.44583990785997,42.77244210611875,1008.0798399815308
2024-10-01 11:47:08.677797,27.949859129299227,48.58606853425156,1019.929225442238
2024-10-01 11:47:09.677797,23.754237362771956,51.14859214763205,1019.2297138998466
2024-10-01 11:47:10.677797,28.428599452402946,52.75373472410301,1007.8203155471218
2024-10-01 11:47:11.677797,26.2310277811572,48.909123800195765,1031.519304299991
2024-10-01 11:47:12.677797,26.5619665999377,46.30254189119405,1011.3911223183246
2024-10-01 11:47:13.677797,21.955671555062167,50.023469503154885,1002.962567022503
2024-10-01 11:47:14.677797,26.29707419813892,51.74925769917219,1007.3553357470768
2024-10-01 11:47:15.677797,21.461283565387305,44.9978531112882,1009.2653590337624
2024-10-01 11:47:16.677797,23.48156740623504,62.96145046643117,1015.7431738053076
2024-10-01 11:47:17.677797,24.84609781746357,41.12909661909696,1025.3313855800714
2024-10-01 11:47:18.677797,27.646009053188155,45.92496262255211,1013.8438132281434
2024-10-01 11:47:19.677797,24.73389783048848,49.479096879325375,1013.3178208209928
2024-10-01 11:47:20.677797,21.781213256451544,55.03087513556435,1019.452054739117
2024-10-01 11:47:21.677797,22.50773966640258,51.98231873134595,1013.5174723070396
2024-10-01 11:47:22.677797,27.68462523247524,38.18041576702992,981.5646362195948
2024-10-01 11:47:23.677797,28.247855080161635,50.25182235048002,987.2225796682573
2024-10-01 11:47:24.677797,22.887003765776804,52.04602408353733,975.8181082907996
2024-10-01 11:47:25.677797,21.77593240217326,40.26010947030436,1018.7251884170528
2024-10-01 11:47:26.677797,25.00763588159321,45.61101472577844,1013.2564629392334
2024-10-01 11:47:27.677797,26.7022467969008,54.25790390995118,1012.8882626501302
2024-10-01 11:47:28.677797,22.444674325616603,46.821834972752505,1025.539970128108
2024-10-01 11:47:29.677797,26.11818651381083,56.19772454195551,1022.4504974297404
2024-10-01 11:47:30.677797,26.88225113764453,49.12907168295705,1012.1359699768492
2024-10-01 11:47:31.677797,25.553563460873036,45.90107542155807,1003.173279014684
2024-10-01 11:47:32.677797,27.602831756136744,47.65836786307111,1021.8273946477224
2024-10-01 11:47:33.677797,26.227552610344976,52.84502025676919,1000.9716836214506
2024-10-01 11:47:34.677797,23.89503657985165,42.18655192473514,1005.0703271965176
2024-10-01 11:47:35.677797,26.4118507239466,50.60553344529774,1028.3056787635453
2024-10-01 11:47:36.677797,22.515778746829564,49.29013007144895,1015.0534212195638
2024-10-01 11:47:37.677797,26.03825486875773,49.51268489838005,1010.4127437019204
2024-10-01 11:47:38.677797,24.72999711086832,49.35059968502542,1001.5786662544016
2024-10-01 11:47:39.677797,24.735015328346577,52.60881920217384,1018.1874689264544
2024-10-01 11:47:40.677797,20.02967970519649,49.32478844703163,1013.373584351598
2024-10-01 11:47:41.677797,25.206544772098475,41.668673334959216,1023.2776066652344
2024-10-01 11:47:42.677797,25.10437612171961,46.879428522403984,995.3397012861818
2024-10-01 11:47:43.677797,26.813786667426893,50.32393456571796,1015.9304969448234
2024-10-01 11:47:44.677797,23.957814391262257,47.73372507676712,1001.9055936693444
2024-10-01 11:47:45.677797,24.95424035116384,51.632032516669085,1006.9351405870782
2024-10-01 11:47:46.677797,27.495411107466087,50.67259936186708,1027.5055006856778
2024-10-01 11:47:47.677797,23.328417554366997,58.16022416806145,1013.1790595601828
2024-10-01 11:47:48.677797,25.377688159253413,46.24831458879308,997.6676875613518
2024-10-01 11:47:49.677797,21.7339353850788,52.97726011304643,1015.3481780375143
2024-10-01 11:47:50.677797,27.755396946749457,59.98408300059231,1010.923329669075
2024-10-01 11:47:51.677797,22.493095223185147,56.8132363078936,1000.9037043351162
2024-10-01 11:47:52.677797,25.69439975087766,43.02089672745407,1008.8749853210844
2024-10-01 11:47:53.677797,26.277534752706803,45.58698974550575,1024.609752815178
2024-10-01 11:47:54.677797,27.35112456157169,49.37999566086837,1005.0084504907084
2024-10-01 11:47:55.677797,22.74517967827653,47.13247812199366,1042.5166623982143
2024-10-01 11:47:56.677797,23.94801031576757,50.750181041039454,1027.5984466932964
2024-10-01 11:47:57.677797,23.63862572258286,52.55137985985112,1015.2590494030096
2024-10-01 11:47:58.677797,27.665386293686257,52.43329425148954,1006.5836191821842
2024-10-01 11:47:59.677797,24.677404173786943,51.33654747011975,1021.096106507408
2024-10-01 11:48:00.677797,24.979850877349755,46.84343916321972,1026.969543002646
2024-10-01 11:48:01.677797,23.9092674745989,52.64228609800736,999.7263986709938
2024-10-01 11:48:02.677797,25.49665461565728,43.331514560786005,1023.4547359367368
2024-10-01 11:48:03.677797,24.94203587187742,50.630008808534825,1026.4736499750882
2024-10-01 11:48:04.677797,25.360755300722165,49.5693642480658,1013.4819557108812
2024-10-01 11:48:05.677797,22.05775177089848,50.56021373288654,1007.9935515722066
2024-10-01 11:48:06.677797,26.29644732892497,48.38000246534328,1007.9224483482124
